messageId,T1,T2,T2_5,T3,T4,RTT_Total,MQTT_to_WebSocket,WebSocket_Processing,Django_Processing,Django_to_Frontend,Frontend_to_MQTT
msg_1754932442290_c4ah58uul,1754932442290,1754932442703,,1754932442652,1754932442878,588,413,,,-51,226
msg_1754932444799_k9ewsyvd7,1754932444799,1754932445210,,1754932445142,1754932445371,572,411,,,-68,229
msg_1754932447311_9qapjin0d,1754932447311,1754932447724,,1754932447846,1754932448072,761,413,,,122,226
msg_1754932449821_906idpn0r,1754932449821,1754932450313,,1754932450228,1754932450458,637,492,,,-85,230
msg_1754932452334_91rsfztq6,1754932452334,1754932452744,,1754932452851,1754932453073,739,410,,,107,222
msg_1754932454838_rgpi6bo88,1754932454838,1754932455253,,1754932455558,1754932455780,942,415,,,305,222
msg_1754932457339_jpg0tsyte,1754932457339,1754932457748,,1754932457751,1754932457976,637,409,,,3,225
msg_1754932459852_wghfqm4os,1754932459852,1754932460262,,1754932460187,1754932460411,559,410,,,-75,224
msg_1754932462364_3thn9frpd,1754932462364,1754932462777,,1754932462751,1754932462978,614,413,,,-26,227
msg_1754932464872_czetyemar,1754932464872,1754932465283,,1754932465213,1754932465437,565,411,,,-70,224
msg_1754932467377_ouxkji6n8,1754932467377,1754932467791,,1754932467770,1754932467998,621,414,,,-21,228
msg_1754932469877_wqf5c1ill,1754932469877,1754932470287,,1754932470212,1754932470437,560,410,,,-75,225
msg_1754932472387_tqlt8s8jk,1754932472387,1754932472796,,1754932472786,1754932473010,623,409,,,-10,224
msg_1754932474891_e5g55dscs,1754932474891,1754932475302,,1754932475248,1754932475471,580,411,,,-54,223
msg_1754932477402_kx5uqvm1i,1754932477402,1754932477814,,1754932477744,1754932477968,566,412,,,-70,224
msg_1754932479912_xbk6ureui,1754932479912,1754932480322,,1754932480261,1754932480487,575,410,,,-61,226
msg_1754932482423_qoo16twfy,1754932482423,1754932482837,,1754932483041,1754932483265,842,414,,,204,224
msg_1754932484936_w90uubqo8,1754932484936,1754932485347,,1754932485348,1754932485572,636,411,,,1,224
msg_1754932487452_bgr6cc3gr,1754932487452,1754932487896,,1754932487849,1754932488072,620,444,,,-47,223
msg_1754932489951_4dqzx6sxm,1754932489951,1754932490366,,1754932490343,1754932490567,616,415,,,-23,224
msg_1754932492462_5y2qllhue,1754932492462,1754932492877,,1754932492942,1754932493168,706,415,,,65,226
msg_1754932494961_hrg05iax6,1754932494961,1754932495376,,1754932495342,1754932495570,609,415,,,-34,228
msg_1754932497475_aijr5qnp5,1754932497475,1754932497890,,1754932497853,1754932498076,601,415,,,-37,223
msg_1754932499984_otrjjm8bn,1754932499984,1754932500395,,1754932500389,1754932500615,631,411,,,-6,226
msg_1754932502496_yxk0088uf,1754932502496,1754932502906,,1754932502953,1754932503179,683,410,,,47,226
msg_1754932505008_n5h4welq4,1754932505008,1754932505420,,1754932505441,1754932505662,654,412,,,21,221
msg_1754932507512_615u4h5hn,1754932507512,1754932507925,,1754932507947,1754932508171,659,413,,,22,224
msg_1754932510016_6zjynk1ga,1754932510016,1754932510427,,1754932510444,1754932510668,652,411,,,17,224
msg_1754932512528_zoib6ld7z,1754932512528,1754932512939,,1754932512946,1754932513170,642,411,,,7,224
msg_1754932515038_p78y1t6tl,1754932515038,1754932515446,,1754932515643,1754932515867,829,408,,,197,224
msg_1754932517545_tglu8r4gd,1754932517545,1754932517954,,1754932517988,1754932518214,669,409,,,34,226
msg_1754932520045_45c6sis7p,1754932520045,1754932520457,,1754932520439,1754932520662,617,412,,,-18,223
msg_1754932522556_es7bnzr4n,1754932522556,1754932522966,,1754932523034,1754932523261,705,410,,,68,227
msg_1754932525069_9h2ge43h0,1754932525069,1754932525481,,1754932525536,1754932525767,698,412,,,55,231
msg_1754932527579_cyr25mxnk,1754932527579,1754932527989,,1754932527958,1754932528182,603,410,,,-31,224
msg_1754932530079_1tvgi59xq,1754932530079,1754932530488,,1754932530443,1754932530666,587,409,,,-45,223
msg_1754932532581_bt0u9r1vx,1754932532581,1754932532990,,1754932532953,1754932533175,594,409,,,-37,222
msg_1754932535096_8ys8wdnj7,1754932535096,1754932535504,,1754932535454,1754932535681,585,408,,,-50,227
msg_1754932537607_5bb7pbewf,1754932537607,1754932538017,,1754932538027,1754932538251,644,410,,,10,224
msg_1754932540106_atkxxi47u,1754932540106,1754932540517,,1754932540552,1754932540782,676,411,,,35,230
msg_1754932542618_vipixyvi7,1754932542618,1754932543025,,1754932543352,1754932543576,958,407,,,327,224
msg_1754932545127_a2777zm52,1754932545127,1754932545535,,1754932545459,1754932545682,555,408,,,-76,223
msg_1754932547628_ugd5hk4fa,1754932547628,1754932548124,,1754932548144,1754932548371,743,496,,,20,227
msg_1754932550130_3b3dzn1dr,1754932550130,1754932550539,,1754932550541,1754932550766,636,409,,,2,225
msg_1754932552630_j6dilhuf9,1754932552630,1754932553036,,1754932553046,1754932553273,643,406,,,10,227
msg_1754932555137_bjmp3l3ri,1754932555137,1754932555548,,1754932555541,1754932555769,632,411,,,-7,228
msg_1754932557651_vqa5jwl3o,1754932557651,1754932558061,,1754932558159,1754932558381,730,410,,,98,222
msg_1754932560151_nyoc7uz7x,1754932560151,1754932560562,,1754932560535,1754932560763,612,411,,,-27,228
msg_1754932562651_oy2240htb,1754932562651,1754932563057,,1754932563060,1754932563281,630,406,,,3,221
msg_1754932565156_p4vfesvt0,1754932565156,1754932565561,,1754932565534,1754932565760,604,405,,,-27,226
msg_1754932567657_mw282w6rp,1754932567657,1754932568065,,1754932568169,1754932568390,733,408,,,104,221
msg_1754932570170_8zepkma5s,1754932570170,1754932570582,,1754932570665,1754932570888,718,412,,,83,223
msg_1754932572679_xfnaw6509,1754932572679,1754932573088,,1754932573233,1754932573458,779,409,,,145,225
msg_1754932575189_n0jj6y1av,1754932575189,1754932575598,,1754932575557,1754932575782,593,409,,,-41,225
msg_1754932577696_imxoa7whx,1754932577696,1754932578103,,1754932578132,1754932578353,657,407,,,29,221
msg_1754932580197_3ntwcj8f4,1754932580197,1754932580606,,1754932580564,1754932580785,588,409,,,-42,221
msg_1754932582709_q5jkql7t5,1754932582709,1754932583121,,1754932583157,1754932583382,673,412,,,36,225
msg_1754932585218_l4waqpviw,1754932585218,1754932585626,,1754932585564,1754932585786,568,408,,,-62,222
msg_1754932587720_47tfr76xq,1754932587720,1754932588130,,1754932588162,1754932588388,668,410,,,32,226
msg_1754932590230_b1ss88olj,1754932590230,1754932590639,,1754932590640,1754932590865,635,409,,,1,225
msg_1754932592739_kinj9h0zl,1754932592739,1754932593150,,1754932593261,1754932593484,745,411,,,111,223
msg_1754932595245_3qal985of,1754932595245,1754932595656,,1754932595632,1754932595857,612,411,,,-24,225
msg_1754932597754_rzf1mr222,1754932597755,1754932598162,,1754932598172,1754932598399,644,407,,,10,227
msg_1754932600255_bjjfimpn9,1754932600256,1754932600662,,1754932600651,1754932600881,625,406,,,-11,230
msg_1754932602764_osqlkjawm,1754932602764,1754932603176,,1754932603443,1754932603667,903,412,,,267,224
msg_1754932605279_zl8wnrnbz,1754932605279,1754932605690,,1754932605736,1754932605958,679,411,,,46,222
msg_1754932607780_278saa1yd,1754932607780,1754932608358,,1754932608363,1754932608586,806,578,,,5,223
msg_1754932610292_gj69vzt5t,1754932610292,1754932610702,,1754932610665,1754932610890,598,410,,,-37,225
msg_1754932612803_o1xv4t38c,1754932612803,1754932613214,,1754932613261,1754932613486,683,411,,,47,225
msg_1754932615317_4gx86d1be,1754932615317,1754932615723,,1754932615741,1754932615967,650,406,,,18,226
msg_1754932617825_17s1qnhyr,1754932617825,1754932618233,,1754932618250,1754932618476,651,408,,,17,226
msg_1754932620335_te4ogby55,1754932620335,1754932620745,,1754932620754,1754932620976,641,410,,,9,222
msg_1754932622849_ths41hxpb,1754932622849,1754932623261,,1754932623252,1754932623478,629,412,,,-9,226
msg_1754932625364_zi6jyafh9,1754932625364,1754932625772,,1754932625841,1754932626067,703,408,,,69,226
msg_1754932627872_pch3ie0jn,1754932627872,1754932628282,,1754932628466,1754932628691,819,410,,,184,225
msg_1754932630382_mrn0h0cj4,1754932630382,1754932630794,,1754932630840,1754932631063,681,412,,,46,223
msg_1754932632882_rbep8spjz,1754932632882,1754932633292,,1754932633355,1754932633583,701,410,,,63,228
msg_1754932635383_df65ifsin,1754932635383,1754932635794,,1754932635826,1754932636052,669,411,,,32,226
msg_1754932637883_6e1ge71jw,1754932637884,1754932638292,,1754932638446,1754932638669,785,408,,,154,223
msg_1754932640394_ajmtd6bcj,1754932640394,1754932640805,,1754932640772,1754932640994,600,411,,,-33,222
msg_1754932642895_1hqo8mu4a,1754932642895,1754932643303,,1754932643343,1754932643569,674,408,,,40,226
msg_1754932645407_4dpw0m0xn,1754932645408,1754932645818,,1754932645861,1754932646087,679,410,,,43,226
msg_1754932647921_xrms3radv,1754932647921,1754932648330,,1754932648368,1754932648591,670,409,,,38,223
msg_1754932650435_epag6na7e,1754932650435,1754932650846,,1754932650849,1754932651076,641,411,,,3,227
msg_1754932652943_zuqcdnk0o,1754932652943,1754932653354,,1754932653358,1754932653583,640,411,,,4,225
msg_1754932655447_pjbxua8i2,1754932655447,1754932655858,,1754932655862,1754932656088,641,411,,,4,226
msg_1754932657955_gikzyubj4,1754932657955,1754932658361,,1754932658435,1754932658661,706,406,,,74,226
msg_1754932660468_6kgbtez9b,1754932660468,1754932660876,,1754932660861,1754932661087,619,408,,,-15,226
msg_1754932662972_c7mbey03x,1754932662972,1754932663378,,1754932663542,1754932663770,798,406,,,164,228
msg_1754932665480_n9p1uu4z5,1754932665480,1754932665889,,1754932665968,1754932666192,712,409,,,79,224
msg_1754932667990_b041r8zpu,1754932667990,1754932668604,,1754932668655,1754932668876,886,614,,,51,221
msg_1754932670495_xqarkuebs,1754932670495,1754932670907,,1754932670943,1754932671167,672,412,,,36,224
msg_1754932672999_o35bjjl55,1754932672999,1754932673409,,1754932673465,1754932673689,690,410,,,56,224
msg_1754932675514_29evvc25a,1754932675514,1754932675923,,1754932675937,1754932676162,648,409,,,14,225
msg_1754932678020_unrtw4nvs,1754932678020,1754932678432,,1754932678439,1754932678661,641,412,,,7,222
msg_1754932680531_phkaq839t,1754932680531,1754932680938,,1754932680960,1754932681182,651,407,,,22,222
msg_1754932683044_aydfoz4uh,1754932683044,1754932683453,,1754932683448,1754932683670,626,409,,,-5,222
msg_1754932685558_5c466zh6r,1754932685558,1754932685970,,1754932685957,1754932686182,624,412,,,-13,225
msg_1754932688062_0flpags0c,1754932688062,1754932688471,,1754932688455,1754932688680,618,409,,,-16,225
msg_1754932690570_vy2vgioz5,1754932690570,1754932690978,,1754932691038,1754932691265,695,408,,,60,227
msg_1754932693080_u5d95m43i,1754932693080,1754932693489,,1754932693556,1754932693780,700,409,,,67,224
msg_1754932695588_mungt7zih,1754932695588,1754932695997,,1754932695965,1754932696192,604,409,,,-32,227
msg_1754932698096_wvd3ohaot,1754932698096,1754932698508,,1754932698546,1754932698770,674,412,,,38,224
msg_1754932700604_1itvzxgd3,1754932700604,1754932701017,,1754932701026,1754932701246,642,413,,,9,220
msg_1754932703111_6vlwauxad,1754932703111,1754932703519,,1754932703540,1754932703760,649,408,,,21,220
msg_1754932705621_tdok871y7,1754932705621,1754932706034,,1754932705959,1754932706185,564,413,,,-75,226
msg_1754932708130_73lls60b7,1754932708130,1754932708543,,1754932708534,1754932708758,628,413,,,-9,224
msg_1754932710644_9fglq5ce3,1754932710644,1754932711056,,1754932711034,1754932711259,615,412,,,-22,225
msg_1754932713155_0p1a34qnc,1754932713155,1754932713564,,1754932713552,1754932713774,619,409,,,-12,222
msg_1754932715668_1mlmpuv50,1754932715668,1754932716081,,1754932716247,1754932716469,801,413,,,166,222
msg_1754932718181_ztlkfkmlt,1754932718181,1754932718593,,1754932718567,1754932718790,609,412,,,-26,223
msg_1754932720683_3rdc28aa2,1754932720683,1754932721089,,1754932721076,1754932721299,616,406,,,-13,223
msg_1754932723194_vr2f23iv2,1754932723194,1754932723605,,1754932723831,1754932724057,863,411,,,226,226
msg_1754932725706_25xhwjfhz,1754932725706,1754932726118,,1754932726171,1754932726399,693,412,,,53,228
msg_1754932728211_vviodbsme,1754932728211,1754932728826,,1754932728755,1754932728977,766,615,,,-71,222
msg_1754932730725_y1305t1x3,1754932730725,1754932731137,,1754932731067,1754932731294,569,412,,,-70,227
msg_1754932733229_klatoiudn,1754932733229,1754932733638,,1754932733555,1754932733785,556,409,,,-83,230
msg_1754932735741_ebt3ryvvf,1754932735741,1754932736147,,1754932736060,1754932736284,543,406,,,-87,224
msg_1754932738255_5mdkkzmyv,1754932738255,1754932738667,,1754932738705,1754932738932,677,412,,,38,227
msg_1754932740765_o8etexsl8,1754932740765,1754932741172,,1754932741149,1754932741377,612,407,,,-23,228
msg_1754932743271_n6kbhxxlj,1754932743271,1754932743682,,1754932743658,1754932743886,615,411,,,-24,228
msg_1754932745784_hembg53m6,1754932745784,1754932746196,,1754932746148,1754932746373,589,412,,,-48,225
msg_1754932748299_pa23jjute,1754932748299,1754932748711,,1754932748668,1754932748896,597,412,,,-43,228
msg_1754932750807_lfneell3t,1754932750807,1754932751213,,1754932751161,1754932751386,579,406,,,-52,225
msg_1754932753322_02xpixm8r,1754932753322,1754932753729,,1754932753734,1754932753961,639,407,,,5,227
msg_1754932755829_0ozgud8rc,1754932755829,1754932756239,,1754932756160,1754932756386,557,410,,,-79,226
msg_1754932758334_yc85m5a2w,1754932758334,1754932758742,,1754932758752,1754932758979,645,408,,,10,227
msg_1754932760840_hdt0o0tq4,1754932760840,1754932761249,,1754932761232,1754932761457,617,409,,,-17,225
msg_1754932763351_dpbha95yd,1754932763351,1754932763758,,1754932763759,1754932763988,637,407,,,1,229
msg_1754932765854_hhdmgky2u,1754932765854,1754932766260,,1754932766238,1754932766464,610,406,,,-22,226
msg_1754932768364_ebnx20bsx,1754932768364,1754932768775,,1754932768750,1754932768978,614,411,,,-25,228
msg_1754932770876_8u9g8sd1z,1754932770876,1754932771286,,1754932771254,1754932771481,605,410,,,-32,227
msg_1754932773389_ru62mewpn,1754932773389,1754932773801,,1754932773841,1754932774065,676,412,,,40,224
msg_1754932775895_354rjydhx,1754932775895,1754932776305,,1754932776343,1754932776567,672,410,,,38,224
msg_1754932778409_kz5tanquz,1754932778409,1754932778821,,1754932778829,1754932779057,648,412,,,8,228
msg_1754932780913_5ilk0xh62,1754932780913,1754932781320,,1754932781341,1754932781574,661,407,,,21,233
msg_1754932783422_tpp5a923o,1754932783422,1754932783830,,1754932783854,1754932784081,659,408,,,24,227
msg_1754932785936_swkbo1tce,1754932785936,1754932786347,,1754932786350,1754932786577,641,411,,,3,227
msg_1754932788447_i82sj5440,1754932788447,1754932789062,,1754932789061,1754932789290,843,615,,,-1,229
msg_1754932790948_jixxv7b35,1754932790948,1754932791362,,1754932791339,1754932791563,615,414,,,-23,224
msg_1754932793459_vqw5kz47c,1754932793459,1754932793866,,1754932793863,1754932794091,632,407,,,-3,228
msg_1754932795962_ej1p5uncd,1754932795962,1754932796371,,1754932796342,1754932796568,606,409,,,-29,226
msg_1754932798462_mme7gbzqb,1754932798462,1754932798879,,1754932798849,1754932799074,612,417,,,-30,225
msg_1754932800968_ce3e6ykpi,1754932800968,1754932801378,,1754932801356,1754932801584,616,410,,,-22,228
msg_1754932803474_6smlxpmqu,1754932803474,1754932803883,,1754932803853,1754932804080,606,409,,,-30,227
msg_1754932805979_mg3s0unge,1754932805979,1754932806393,,1754932806449,1754932806673,694,414,,,56,224
msg_1754932808489_8to9gsky2,1754932808489,1754932808900,,1754932808860,1754932809084,595,411,,,-40,224
msg_1754932810991_lius2ku5c,1754932810991,1754932811404,,1754932811359,1754932811585,594,413,,,-45,226
msg_1754932813503_hqlxn6378,1754932813503,1754932813916,,1754932813929,1754932814155,652,413,,,13,226
msg_1754932816017_dih704wo7,1754932816017,1754932816424,,1754932816359,1754932816591,574,407,,,-65,232
msg_1754932818525_wg4rhi9yb,1754932818525,1754932818933,,1754932818944,1754932819169,644,408,,,11,225
msg_1754932821035_pk32jyy2s,1754932821035,1754932821442,,1754932821357,1754932821584,549,407,,,-85,227
msg_1754932823547_fj8viiv9m,1754932823547,1754932823955,,1754932823970,1754932824197,650,408,,,15,227
msg_1754932826052_a8ue2c4yt,1754932826052,1754932826465,,1754932826445,1754932826669,617,413,,,-20,224
msg_1754932828565_ml68jjxzm,1754932828565,1754932828972,,1754932828925,1754932829151,586,407,,,-47,226
msg_1754932831065_lb9v1nqig,1754932831065,1754932831474,,1754932831448,1754932831673,608,409,,,-26,225
msg_1754932833570_4ia7tzhon,1754932833570,1754932833976,,1754932833986,1754932834212,642,406,,,10,226
msg_1754932836078_xgm8ale7y,1754932836078,1754932836492,,1754932836460,1754932836682,604,414,,,-32,222
msg_1754932838591_de31shwa1,1754932838591,1754932838998,,1754932839049,1754932839272,681,407,,,51,223
msg_1754932841099_rmxhlyv25,1754932841099,1754932841508,,1754932841464,1754932841691,592,409,,,-44,227
msg_1754932843612_ectxgqzzo,1754932843612,1754932844022,,1754932844047,1754932844271,659,410,,,25,224
msg_1754932846124_kmdsste5l,1754932846124,1754932846538,,1754932846526,1754932846754,630,414,,,-12,228
msg_1754932848625_gcdtk31l9,1754932848625,1754932849054,,1754932849060,1754932849289,664,429,,,6,229
msg_1754932851136_qvyjypxue,1754932851136,1754932851546,,1754932851481,1754932851704,568,410,,,-65,223
msg_1754932853649_s2wxoxyqh,1754932853649,1754932854060,,1754932854147,1754932854373,724,411,,,87,226
msg_1754932856158_es35zcct8,1754932856158,1754932856567,,1754932856534,1754932856761,603,409,,,-33,227
msg_1754932858667_3vgmsp61s,1754932858667,1754932859077,,1754932859094,1754932859326,659,410,,,17,232
msg_1754932861168_a80vspclf,1754932861168,1754932861579,,1754932861550,1754932861777,609,411,,,-29,227
msg_1754932863682_x0r8zgl8v,1754932863682,1754932864094,,1754932864163,1754932864388,706,412,,,69,225
msg_1754932866196_yq6zws8yz,1754932866196,1754932866608,,1754932866554,1754932866779,583,412,,,-54,225
msg_1754932868700_tsexcaeqz,1754932868700,1754932869111,,1754932869140,1754932869368,668,411,,,29,228
msg_1754932871207_p7gedcubp,1754932871207,1754932871619,,1754932871561,1754932871786,579,412,,,-58,225
msg_1754932873720_739oljyv8,1754932873720,1754932874131,,1754932874143,1754932874368,648,411,,,12,225
msg_1754932876229_pb40my376,1754932876229,1754932876640,,1754932876559,1754932876782,553,411,,,-81,223
msg_1754932878730_tii1cmmzn,1754932878730,1754932879145,,1754932879057,1754932879283,553,415,,,-88,226
msg_1754932881242_znuyz9pd3,1754932881242,1754932881653,,1754932881732,1754932881960,718,411,,,79,228
msg_1754932883756_iscyl5827,1754932883756,1754932884163,,1754932884148,1754932884373,617,407,,,-15,225
msg_1754932886264_cnvzm10sd,1754932886264,1754932886672,,1754932886649,1754932886875,611,408,,,-23,226
msg_1754932888776_rms3bjc15,1754932888776,1754932889190,,1754932889234,1754932889459,683,414,,,44,225
msg_1754932891288_flg3vdlv9,1754932891288,1754932891696,,1754932891663,1754932891887,599,408,,,-33,224
msg_1754932893796_iyl1dychc,1754932893796,1754932894204,,1754932894238,1754932894465,669,408,,,34,227
msg_1754932896312_ykx3k2d35,1754932896312,1754932896721,,1754932896725,1754932896949,637,409,,,4,224
msg_1754932898824_ajbhi8kor,1754932898824,1754932899233,,1754932899154,1754932899378,554,409,,,-79,224
msg_1754932901336_q74gsmt74,1754932901336,1754932901749,,1754932901662,1754932901887,551,413,,,-87,225
msg_1754932903841_q8xd7yrqg,1754932903841,1754932904249,,1754932904335,1754932904560,719,408,,,86,225
msg_1754932906347_hjqt9rhjy,1754932906347,1754932906758,,1754932906728,1754932906955,608,411,,,-30,227
msg_1754932908852_nhm7c6895,1754932908852,1754932909260,,1754932909257,1754932909483,631,408,,,-3,226
msg_1754932911354_b418gh832,1754932911354,1754932911770,,1754932911746,1754932911969,615,416,,,-24,223
msg_1754932913868_k9td33m93,1754932913868,1754932914278,,1754932914338,1754932914565,697,410,,,60,227
msg_1754932916374_ujhh5jc7n,1754932916374,1754932916784,,1754932916761,1754932917020,646,410,,,-23,259
msg_1754932918884_4tznt6viz,1754932918884,1754932919294,,1754932919438,1754932919661,777,410,,,144,223
msg_1754932921392_2p4ir3kv8,1754932921392,1754932921805,,1754932921849,1754932922075,683,413,,,44,226
msg_1754932923904_abo6rz8yb,1754932923904,1754932924316,,1754932924350,1754932924573,669,412,,,34,223
msg_1754932926414_08za74jkq,1754932926414,1754932926825,,1754932926833,1754932927061,647,411,,,8,228
msg_1754932928915_8ipwmqjb7,1754932928915,1754932929328,,1754932929253,1754932929476,561,413,,,-75,223
msg_1754932931424_s8pvyiv08,1754932931424,1754932931835,,1754932931766,1754932931992,568,411,,,-69,226
msg_1754932933936_20acuyynx,1754932933936,1754932934346,,1754932934343,1754932934569,633,410,,,-3,226
msg_1754932936448_vhet5qow4,1754932936448,1754932936860,,1754932936829,1754932937057,609,412,,,-31,228
msg_1754932938958_76v4d713k,1754932938958,1754932939365,,1754932939355,1754932939580,622,407,,,-10,225
msg_1754932941470_8qispl2xc,1754932941470,1754932941881,,1754932941857,1754932942081,611,411,,,-24,224
msg_1754932943985_asrsbw0sp,1754932943985,1754932944394,,1754932944441,1754932944670,685,409,,,47,229
msg_1754932946492_dnwa8gh4p,1754932946492,1754932946904,,1754932946934,1754932947163,671,412,,,30,229
msg_1754932949005_krc8cu5ln,1754932949005,1754932949414,,1754932949441,1754932949669,664,409,,,27,228
msg_1754932951514_m5q2cc51t,1754932951514,1754932951926,,1754932951860,1754932952094,580,412,,,-66,234
msg_1754932954023_gy9fbv7xp,1754932954023,1754932954435,,1754932954441,1754932954672,649,412,,,6,231
msg_1754932956534_brri65478,1754932956534,1754932956944,,1754932956926,1754932957155,621,410,,,-18,229
msg_1754932959041_5mm2d8f42,1754932959041,1754932959453,,1754932959459,1754932959682,641,412,,,6,223
msg_1754932961547_l8snwqd89,1754932961547,1754932961958,,1754932962031,1754932962254,707,411,,,73,223
msg_1754932964054_6jmlc540l,1754932964054,1754932964464,,1754932964533,1754932964756,702,410,,,69,223
msg_1754932966568_0gd29hypp,1754932966568,1754932966978,,1754932967045,1754932967272,704,410,,,67,227
msg_1754932969081_9bebjq4m0,1754932969082,1754932969492,,1754932969550,1754932969779,697,410,,,58,229
msg_1754932971596_gcj7x23gx,1754932971596,1754932972005,,1754932971949,1754932972174,578,409,,,-56,225
msg_1754932974108_mm9e59emx,1754932974108,1754932974516,,1754932974544,1754932974771,663,408,,,28,227
msg_1754932976621_9dvdldlov,1754932976621,1754932977029,,1754932977036,1754932977261,640,408,,,7,225
msg_1754932979128_wu93qpi3t,1754932979128,1754932979537,,1754932979454,1754932979683,555,409,,,-83,229
msg_1754932981632_u715udvz4,1754932981632,1754932982043,,1754932981961,1754932982188,556,411,,,-82,227
msg_1754932984139_3nbuzxspl,1754932984139,1754932984548,,1754932984553,1754932984777,638,409,,,5,224
msg_1754932986654_kntyycrhe,1754932986654,1754932987061,,1754932987130,1754932987356,702,407,,,69,226
msg_1754932989157_0q3u9side,1754932989157,1754932989569,,1754932989561,1754932989785,628,412,,,-8,224
msg_1754932991669_gxbbn0vau,1754932991669,1754932992078,,1754932992040,1754932992271,602,409,,,-38,231
msg_1754932994171_5xmlqfek0,1754932994171,1754932994583,,1754932994548,1754932994775,604,412,,,-35,227
msg_1754932996680_9l1pkzr03,1754932996680,1754932997092,,1754932997250,1754932997474,794,412,,,158,224
msg_1754932999182_hd3tyahrh,1754932999182,1754932999590,,1754932999631,1754932999854,672,408,,,41,223
msg_1754933001686_41kd06o88,1754933001686,1754933002094,,1754933002060,1754933002285,599,408,,,-34,225
msg_1754933004193_ai0g6q3dp,1754933004193,1754933004607,,1754933004653,1754933004875,682,414,,,46,222
msg_1754933006704_b7n2mt3ke,1754933006704,1754933007111,,1754933007064,1754933007288,584,407,,,-47,224
msg_1754933009205_4j1lk0504,1754933009206,1754933009619,,1754933009648,1754933009873,667,413,,,29,225
msg_1754933011717_ojcxdru07,1754933011717,1754933012130,,1754933012058,1754933012283,566,413,,,-72,225
msg_1754933014230_n87l5aefy,1754933014230,1754933014638,,1754933014632,1754933014854,624,408,,,-6,222
msg_1754933016740_7i5p59wb2,1754933016740,1754933017151,,1754933017151,1754933017378,638,411,,,,227
msg_1754933019241_bst23srnu,1754933019241,1754933019649,,1754933019655,1754933019879,638,408,,,6,224
msg_1754933021755_wvzu6wmsh,1754933021755,1754933022166,,1754933022139,1754933022365,610,411,,,-27,226
msg_1754933024265_4yascfkc5,1754933024265,1754933024678,,1754933024662,1754933024888,623,413,,,-16,226
msg_1754933026770_59gy545zz,1754933026770,1754933027177,,1754933027348,1754933027572,802,407,,,171,224
msg_1754933029273_0vssa62tt,1754933029273,1754933029681,,1754933029658,1754933029886,613,408,,,-23,228
msg_1754933031787_ia7ngc6l7,1754933031787,1754933032196,,1754933032229,1754933032455,668,409,,,33,226
msg_1754933034301_2432q3ooh,1754933034301,1754933034710,,1754933034745,1754933034968,667,409,,,35,223
msg_1754933036813_6kcz80p59,1754933036813,1754933037223,,1754933037338,1754933037563,750,410,,,115,225
msg_1754933039325_ofwtwh1nl,1754933039325,1754933039735,,1754933039739,1754933039964,639,410,,,4,225
msg_1754933041834_uuhzbfg53,1754933041834,1754933042244,,1754933042156,1754933042383,549,410,,,-88,227
msg_1754933044338_wcvk1nr0v,1754933044338,1754933044746,,1754933044758,1754933044985,647,408,,,12,227
msg_1754933046848_3eb4t8k6e,1754933046848,1754933047262,,1754933047352,1754933047579,731,414,,,90,227
msg_1754933049360_zxdvkur5s,1754933049360,1754933049772,,1754933049750,1754933049982,622,412,,,-22,232
msg_1754933051871_ydu4lhg9y,1754933051871,1754933052283,,1754933052249,1754933052476,605,412,,,-34,227
msg_1754933054381_oq6zclmyr,1754933054381,1754933054792,,1754933054845,1754933055072,691,411,,,53,227
msg_1754933056891_k5kajjc47,1754933056891,1754933057301,,1754933057442,1754933057680,789,410,,,141,238
msg_1754933059394_1zg2ve4yi,1754933059394,1754933059804,,1754933059749,1754933059973,579,410,,,-55,224
msg_1754933061901_deq9lcnkc,1754933061901,1754933062310,,1754933062258,1754933062483,582,409,,,-52,225
msg_1754933064409_4qxyfwgxe,1754933064409,1754933064822,,1754933064760,1754933064986,577,413,,,-62,226
msg_1754933066918_34d6oryrb,1754933066918,1754933067331,,1754933067464,1754933067688,770,413,,,133,224
msg_1754933069419_hr4fhcmku,1754933069419,1754933069828,,1754933069913,1754933070139,720,409,,,85,226
msg_1754933071934_7xxgtbdva,1754933071934,1754933072344,,1754933072336,1754933072562,628,410,,,-8,226
msg_1754933074442_jf929xfm8,1754933074442,1754933074856,,1754933074866,1754933075095,653,414,,,10,229
msg_1754933076946_tt7m7x9f9,1754933076946,1754933077358,,1754933077453,1754933077682,736,412,,,95,229
msg_1754933079448_q9422q30w,1754933079448,1754933079858,,1754933079850,1754933080084,636,410,,,-8,234
msg_1754933081956_o3ds89vzf,1754933081956,1754933082365,,1754933082341,1754933082562,606,409,,,-24,221
msg_1754933084458_lqy864jjz,1754933084458,1754933084870,,1754933084852,1754933085073,615,412,,,-18,221
msg_1754933086964_dhc649ius,1754933086964,1754933087372,,1754933087448,1754933087680,716,408,,,76,232
msg_1754933089470_dd966myyt,1754933089470,1754933089880,,1754933089855,1754933090081,611,410,,,-25,226
msg_1754933091984_41813k49d,1754933091984,1754933092396,,1754933092450,1754933092678,694,412,,,54,228
msg_1754933094493_b5gb849xq,1754933094493,1754933094911,,1754933094929,1754933095155,662,418,,,18,226
msg_1754933096998_5rx9toz2q,1754933096998,1754933097410,,1754933097446,1754933097668,670,412,,,36,222
msg_1754933099506_yj0wvpr61,1754933099506,1754933099917,,1754933099851,1754933100076,570,411,,,-66,225
msg_1754933102010_9yvihyqbw,1754933102010,1754933102420,,1754933102363,1754933102585,575,410,,,-57,222
msg_1754933104523_kyxpxxe68,1754933104523,1754933104933,,1754933105029,1754933105252,729,410,,,96,223
msg_1754933107033_d3y363xz6,1754933107033,1754933107441,,1754933107445,1754933107670,637,408,,,4,225
msg_1754933109540_8tq10much,1754933109540,1754933109954,,1754933109962,1754933110191,651,414,,,8,229
msg_1754933112049_htyllfw95,1754933112049,1754933112463,,1754933112440,1754933112664,615,414,,,-23,224
msg_1754933114559_nl60fkjub,1754933114559,1754933114969,,1754933115354,1754933115580,1021,410,,,385,226
msg_1754933117066_755l2pdzq,1754933117066,1754933117477,,1754933117539,1754933117764,698,411,,,62,225
msg_1754933119574_rfaq88w19,1754933119574,1754933119986,,1754933120040,1754933120266,692,412,,,54,226
msg_1754933122078_m3nmpvdg1,1754933122078,1754933122486,,1754933122556,1754933122782,704,408,,,70,226
msg_1754933124590_7v0szfvgu,1754933124590,1754933124999,,1754933124951,1754933125175,585,409,,,-48,224
msg_1754933127096_r3fjarnf9,1754933127096,1754933127507,,1754933127454,1754933127679,583,411,,,-53,225
msg_1754933129603_28a3cbl11,1754933129603,1754933130011,,1754933130032,1754933130252,649,408,,,21,220
msg_1754933132109_fu4zqk8i2,1754933132109,1754933132521,,1754933132539,1754933132762,653,412,,,18,223
msg_1754933134619_cwwjsinu1,1754933134619,1754933135027,,1754933135027,1754933135249,630,408,,,,222
msg_1754933137133_854v3jnjv,1754933137133,1754933137543,,1754933137624,1754933137850,717,410,,,81,226
msg_1754933139635_y1gyth6xc,1754933139635,1754933140051,,1754933140063,1754933140286,651,416,,,12,223
msg_1754933142139_qfcmaxl0a,1754933142139,1754933142553,,1754933142543,1754933142768,629,414,,,-10,225
msg_1754933144644_9nq337sn7,1754933144645,1754933145081,,1754933145166,1754933145393,748,436,,,85,227
msg_1754933147158_pzzwmof8y,1754933147158,1754933147566,,1754933147529,1754933147754,596,408,,,-37,225
msg_1754933149667_o8hjeguhg,1754933149667,1754933150079,,1754933150056,1754933150282,615,412,,,-23,226
msg_1754933152173_jgcmuhqmc,1754933152173,1754933152586,,1754933152561,1754933152788,615,413,,,-25,227
msg_1754933154678_968adya8l,1754933154678,1754933155087,,1754933155147,1754933155373,695,409,,,60,226
msg_1754933157186_3itfc4o5a,1754933157186,1754933157599,,1754933157637,1754933157862,676,413,,,38,225
msg_1754933159695_zc72qeodw,1754933159695,1754933160104,,1754933160054,1754933160277,582,409,,,-50,223
msg_1754933162200_lki4xmacx,1754933162200,1754933162609,,1754933162628,1754933162850,650,409,,,19,222
msg_1754933164703_5no7kl0cl,1754933164703,1754933165113,,1754933165141,1754933165362,659,410,,,28,221
msg_1754933167213_eyfb7ankk,1754933167213,1754933167625,,1754933167556,1754933167780,567,412,,,-69,224
msg_1754933169723_hzyvswfhj,1754933169723,1754933170137,,1754933170132,1754933170357,634,414,,,-5,225
msg_1754933172230_zj00j73ha,1754933172230,1754933172642,,1754933172639,1754933172864,634,412,,,-3,225
msg_1754933174732_gp6ecm6k7,1754933174732,1754933175145,,1754933175452,1754933175674,942,413,,,307,222
msg_1754933177243_x31xo86qg,1754933177243,1754933177654,,1754933177629,1754933177850,607,411,,,-25,221
msg_1754933179749_8sjrmwgqg,1754933179749,1754933180164,,1754933180149,1754933180371,622,415,,,-15,222
msg_1754933182256_1wtck3ftp,1754933182256,1754933182665,,1754933182648,1754933182874,618,409,,,-17,226
msg_1754933184763_edsp58l2e,1754933184763,1754933185171,,1754933185148,1754933185374,611,408,,,-23,226
msg_1754933187273_90h9j9n8c,1754933187273,1754933187683,,1754933187653,1754933187879,606,410,,,-30,226
msg_1754933189785_639xqcxkx,1754933189785,1754933190197,,1754933190240,1754933190463,678,412,,,43,223
msg_1754933192294_01ck9725o,1754933192294,1754933192704,,1754933192637,1754933192858,564,410,,,-67,221
msg_1754933194803_c3xib5w62,1754933194803,1754933195213,,1754933195258,1754933195479,676,410,,,45,221
msg_1754933197316_iuinddxu8,1754933197316,1754933197726,,1754933197734,1754933197959,643,410,,,8,225
msg_1754933199826_inkvj7hvk,1754933199826,1754933200236,,1754933200442,1754933200668,842,410,,,206,226
msg_1754933202338_aaoqawbfi,1754933202338,1754933202750,,1754933202844,1754933203070,732,412,,,94,226
msg_1754933204850_dkf9ogdcu,1754933204850,1754933205261,,1754933205245,1754933205468,618,411,,,-16,223
msg_1754933207362_tw0qujf8k,1754933207362,1754933207772,,1754933207743,1754933207971,609,410,,,-29,228
msg_1754933209863_558lvr5fg,1754933209863,1754933210273,,1754933210267,1754933210491,628,410,,,-6,224
msg_1754933212370_popditazx,1754933212370,1754933212784,,1754933212839,1754933213068,698,414,,,55,229
msg_1754933214882_sfhyqvcdf,1754933214882,1754933215292,,1754933215339,1754933215564,682,410,,,47,225
msg_1754933217395_xtai25r05,1754933217395,1754933217803,,1754933217765,1754933217995,600,408,,,-38,230
msg_1754933219907_oeblzj79v,1754933219907,1754933220320,,1754933220334,1754933220561,654,413,,,14,227
msg_1754933222411_xkm103hu3,1754933222411,1754933222828,,1754933222842,1754933223067,656,417,,,14,225
msg_1754933224929_lke94j1hj,1754933224929,1754933225349,,1754933225368,1754933225594,665,420,,,19,226
msg_1754933227430_hl53jx7p8,1754933227430,1754933227842,,1754933227762,1754933227983,553,412,,,-80,221
msg_1754933229931_vxiqoxo6f,1754933229931,1754933230343,,1754933230330,1754933230555,624,412,,,-13,225
msg_1754933232433_6vecyspvl,1754933232433,1754933232842,,1754933232760,1754933232983,550,409,,,-82,223
msg_1754933234937_ioj0x6y35,1754933234937,1754933235351,,1754933235545,1754933235771,834,414,,,194,226
msg_1754933237439_nkivbs1fv,1754933237439,1754933237853,,1754933237825,1754933238048,609,414,,,-28,223
msg_1754933239944_exs8r313l,1754933239944,1754933240357,,1754933240353,1754933240579,635,413,,,-4,226
msg_1754933242448_f6xrlmzfx,1754933242448,1754933242857,,1754933242832,1754933243057,609,409,,,-25,225
msg_1754933244957_af5e0ybu3,1754933244957,1754933245371,,1754933245432,1754933245657,700,414,,,61,225
msg_1754933247457_gi3ohbkvs,1754933247458,1754933247870,,1754933247859,1754933248080,622,412,,,-11,221
msg_1754933249965_khsi6rkxy,1754933249965,1754933250378,,1754933250355,1754933250581,616,413,,,-23,226
msg_1754933252474_qndzu2z99,1754933252474,1754933252887,,1754933252860,1754933253083,609,413,,,-27,223
msg_1754933254975_ok2jkmwrz,1754933254975,1754933255389,,1754933255428,1754933255650,675,414,,,39,222
msg_1754933257479_tfyo4obis,1754933257479,1754933257894,,1754933257859,1754933258083,604,415,,,-35,224
msg_1754933259982_dzkcapwjv,1754933259982,1754933260391,,1754933260449,1754933260673,691,409,,,58,224
msg_1754933262482_309gkxt7n,1754933262482,1754933262895,,1754933263044,1754933263268,786,413,,,149,224
msg_1754933264986_1igeaogxf,1754933264986,1754933265394,,1754933265446,1754933265673,687,408,,,52,227
msg_1754933267493_8te8kl4cz,1754933267493,1754933267903,,1754933267853,1754933268075,582,410,,,-50,222
msg_1754933375269_ry20j1vw0,1754933375269,1754933375683,,1754933375942,1754933376165,896,414,,,259,223
msg_1754933377776_haeqsozpt,1754933377776,1754933378193,,1754933378159,1754933378383,607,417,,,-34,224
msg_1754933380280_zfz2z7zk6,1754933380280,1754933380698,,1754933380660,1754933380879,599,418,,,-38,219
msg_1754933382786_0sv3w6pis,1754933382786,1754933383203,,1754933383440,1754933383660,874,417,,,237,220
msg_1754933385293_8s2q5tpvp,1754933385293,1754933385709,,1754933385728,1754933385949,656,416,,,19,221
msg_1754933387793_7dqyggp5d,1754933387793,1754933388212,,1754933388162,1754933388387,594,419,,,-50,225
msg_1754933390299_7f7x1vi6q,1754933390299,1754933390715,,1754933390659,1754933390882,583,416,,,-56,223
msg_1754933392803_xyg1h04vh,1754933392803,1754933393218,,1754933393231,1754933393455,652,415,,,13,224
msg_1754933395318_sjpq91lqk,1754933395318,1754933395731,,1754933395743,1754933395967,649,413,,,12,224
msg_1754933397823_1go587ang,1754933397823,1754933398239,,1754933398326,1754933398547,724,416,,,87,221
msg_1754933400328_w7cevivde,1754933400328,1754933400746,,1754933400662,1754933400882,554,418,,,-84,220
msg_1754933402830_at49b9vjt,1754933402830,1754933403249,,1754933403252,1754933403473,643,419,,,3,221
msg_1754933405331_gf6eppwwe,1754933405331,1754933405748,,1754933405755,1754933405979,648,417,,,7,224
msg_1754933407840_nmjmdmffq,1754933407840,1754933408260,,1754933408328,1754933408549,709,420,,,68,221
msg_1754933410353_av07npe30,1754933410353,1754933410768,,1754933410742,1754933410963,610,415,,,-26,221
msg_1754933412865_ulxnrz101,1754933412865,1754933413284,,1754933413252,1754933413477,612,419,,,-32,225
msg_1754933415373_v0xy4gc12,1754933415373,1754933415792,,1754933415758,1754933415976,603,419,,,-34,218
msg_1754933417887_kq9wd9z8h,1754933417887,1754933418302,,1754933418256,1754933418478,591,415,,,-46,222
msg_1754933420401_dl9y858zt,1754933420401,1754933420819,,1754933420828,1754933421050,649,418,,,9,222
msg_1754933422909_h344mzp7i,1754933422909,1754933423327,,1754933423362,1754933423585,676,418,,,35,223
msg_1754933425411_3gudw0jii,1754933425411,1754933425827,,1754933425839,1754933426065,654,416,,,12,226
msg_1754933427922_lo63lbbq3,1754933427922,1754933428346,,1754933428423,1754933428645,723,424,,,77,222
msg_1754933430431_6xs31uf6i,1754933430431,1754933430850,,1754933430772,1754933430995,564,419,,,-78,223
msg_1754933432939_4i2ttnhks,1754933432939,1754933433356,,1754933433334,1754933433587,648,417,,,-22,253
msg_1754933435446_fyu5qd3tb,1754933435446,1754933435863,,1754933435831,1754933436053,607,417,,,-32,222
msg_1754933437954_7ky799evk,1754933437954,1754933438371,,1754933438430,1754933438650,696,417,,,59,220
msg_1754933440456_gsf6515m5,1754933440456,1754933440871,,1754933440843,1754933441064,608,415,,,-28,221
msg_1754933442964_ulf8aw4kh,1754933442964,1754933443378,,1754933443553,1754933443777,813,414,,,175,224
msg_1754933445471_3vtf470xl,1754933445471,1754933445887,,1754933445857,1754933446082,611,416,,,-30,225
msg_1754933447977_5vkd1a7r2,1754933447977,1754933448397,,1754933448450,1754933448673,696,420,,,53,223
msg_1754933450484_h0w1xrr3x,1754933450484,1754933450902,,1754933450857,1754933451079,595,418,,,-45,222
msg_1754933452995_0sfkfdjah,1754933452995,1754933453411,,1754933453441,1754933453660,665,416,,,30,219
msg_1754933455496_7yrn12o7z,1754933455496,1754933455912,,1754933455849,1754933456073,577,416,,,-63,224
msg_1754933458003_5qwc8v6pc,1754933458003,1754933458420,,1754933458525,1754933458748,745,417,,,105,223
msg_1754933460511_apoxneemv,1754933460511,1754933460929,,1754933460951,1754933461174,663,418,,,22,223
msg_1754933463021_z5wgxg1l5,1754933463021,1754933463437,,1754933463537,1754933463761,740,416,,,100,224
msg_1754933465532_do17zkgb2,1754933465532,1754933465947,,1754933465940,1754933466159,627,415,,,-7,219
msg_1754933468047_1rjbe3o74,1754933468047,1754933468464,,1754933468452,1754933468675,628,417,,,-12,223
msg_1754933470550_vauwp8oao,1754933470550,1754933470967,,1754933471031,1754933471253,703,417,,,64,222
msg_1754933473061_ewwa52q8p,1754933473061,1754933473479,,1754933473458,1754933473676,615,418,,,-21,218
msg_1754933475569_y82u0qlaf,1754933475569,1754933475984,,1754933475955,1754933476178,609,415,,,-29,223
msg_1754933478072_5shda6ac3,1754933478072,1754933478490,,1754933478567,1754933478786,714,418,,,77,219
msg_1754933480577_780inhr7z,1754933480577,1754933480993,,1754933481034,1754933481257,680,416,,,41,223
msg_1754933483084_neb8z8sly,1754933483084,1754933483503,,1754933483462,1754933483683,599,419,,,-41,221
msg_1754933485591_c2wzvp78s,1754933485591,1754933486005,,1754933485961,1754933486179,588,414,,,-44,218
msg_1754933488102_rsqa8kd6m,1754933488102,1754933488520,,1754933488470,1754933488688,586,418,,,-50,218
msg_1754933490608_xtcuiqa5u,1754933490608,1754933491023,,1754933490959,1754933491178,570,415,,,-64,219
msg_1754933493115_dt6km4hwq,1754933493115,1754933493532,,1754933493533,1754933493751,636,417,,,1,218
msg_1754933495628_mw3bmxmhm,1754933495628,1754933496045,,1754933496058,1754933496277,649,417,,,13,219
msg_1754933498141_k4nbwfrvm,1754933498141,1754933498558,,1754933498561,1754933498782,641,417,,,3,221
msg_1754933500649_bjz3cb7s4,1754933500649,1754933501067,,1754933501044,1754933501266,617,418,,,-23,222
msg_1754933503149_9k5e6edg5,1754933503149,1754933503565,,1754933503636,1754933503856,707,416,,,71,220
msg_1754933505657_mlr3mgy05,1754933505657,1754933506075,,1754933506050,1754933506270,613,418,,,-25,220
msg_1754933508166_0av9v2pj7,1754933508166,1754933508583,,1754933508554,1754933508774,608,417,,,-29,220
msg_1754933510676_d7lm74x68,1754933510676,1754933511095,,1754933511131,1754933511363,687,419,,,36,232
msg_1754933513188_ghm2xnhy3,1754933513188,1754933513607,,1754933513662,1754933513884,696,419,,,55,222
msg_1754933515699_fu73xxowb,1754933515699,1754933516116,,1754933516136,1754933516356,657,417,,,20,220
msg_1754933518214_aseytd2f2,1754933518214,1754933518628,,1754933518642,1754933518861,647,414,,,14,219
msg_1754933520721_khi4kcyjp,1754933520721,1754933521137,,1754933521073,1754933521297,576,416,,,-64,224
msg_1754933523227_939zpph0z,1754933523227,1754933523642,,1754933523650,1754933523869,642,415,,,8,219
msg_1754933525728_d20oy8wlk,1754933525728,1754933526145,,1754933526067,1754933526290,562,417,,,-78,223
msg_1754933528230_62fi4nv9g,1754933528230,1754933528647,,1754933528648,1754933528868,638,417,,,1,220
msg_1754933530738_eyw4xrefs,1754933530738,1754933531156,,1754933531134,1754933531357,619,418,,,-22,223
msg_1754933533247_1cr3biq67,1754933533247,1754933533666,,1754933533656,1754933533878,631,419,,,-10,222
msg_1754933535752_ibzbw14qs,1754933535752,1754933536169,,1754933536144,1754933536361,609,417,,,-25,217
msg_1754933538260_setn53gjl,1754933538260,1754933538678,,1754933538653,1754933538871,611,418,,,-25,218
msg_1754933540764_3tr5toxtl,1754933540764,1754933541182,,1754933541245,1754933541466,702,418,,,63,221
msg_1754933543269_pzbkva9pi,1754933543269,1754933543684,,1754933543757,1754933543980,711,415,,,73,223
msg_1754933545777_7avw98w55,1754933545777,1754933546197,,1754933546162,1754933546383,606,420,,,-35,221
msg_1754933548285_didz30aqy,1754933548285,1754933548702,,1754933548752,1754933548973,688,417,,,50,221
msg_1754933550793_m4enaif80,1754933550793,1754933551210,,1754933551336,1754933551559,766,417,,,126,223
msg_1754933553297_o0t0zaj9n,1754933553297,1754933553714,,1754933553754,1754933553973,676,417,,,40,219
msg_1754933555802_dnvinmb5r,1754933555802,1754933556219,,1754933556237,1754933556458,656,417,,,18,221
msg_1754933558302_dncs5sx96,1754933558302,1754933558721,,1754933558753,1754933558972,670,419,,,32,219
msg_1754933560805_aunr3jxpc,1754933560805,1754933561219,,1754933561330,1754933561547,742,414,,,111,217
msg_1754933563316_gx2icz5nq,1754933563316,1754933563734,,1754933563763,1754933563986,670,418,,,29,223
msg_1754933565829_pocan0mb0,1754933565829,1754933566243,,1754933566232,1754933566450,621,414,,,-11,218
msg_1754933568331_7eg52jrq9,1754933568331,1754933568745,,1754933568748,1754933568969,638,414,,,3,221
msg_1754933570837_7munhyymf,1754933570837,1754933571256,,1754933571241,1754933571462,625,419,,,-15,221
msg_1754933573345_6ouswfr1n,1754933573345,1754933573765,,1754933573826,1754933574049,704,420,,,61,223
msg_1754933575849_r80f2vfyr,1754933575849,1754933576265,,1754933576238,1754933576458,609,416,,,-27,220
msg_1754933578355_cmzdekbgp,1754933578355,1754933578771,,1754933578748,1754933578972,617,416,,,-23,224
msg_1754933580859_pdo6dgzqv,1754933580859,1754933581274,,1754933581243,1754933581462,603,415,,,-31,219
msg_1754933583366_sszz8jyd0,1754933583366,1754933583785,,1754933583827,1754933584049,683,419,,,42,222
msg_1754933585870_043y3n7g3,1754933585870,1754933586288,,1754933586282,1754933586504,634,418,,,-6,222
msg_1754933588376_scpv7tzdq,1754933588376,1754933588795,,1754933588842,1754933589059,683,419,,,47,217
msg_1754933590881_boto1udah,1754933590881,1754933591297,,1754933591256,1754933591479,598,416,,,-41,223
msg_1754933593384_uj6zdj43d,1754933593385,1754933593845,,1754933593883,1754933594102,717,460,,,38,219
msg_1754933595893_q2onxxwjr,1754933595893,1754933596310,,1754933596343,1754933596567,674,417,,,33,224
msg_1754933598401_rs2mrje3z,1754933598401,1754933598818,,1754933598946,1754933599166,765,417,,,128,220
msg_1754933600909_gnxpco3ng,1754933600909,1754933601326,,1754933601253,1754933601477,568,417,,,-73,224
msg_1754933603412_0pdnn1csd,1754933603412,1754933603833,,1754933603935,1754933604159,747,421,,,102,224
msg_1754933605918_b60warajj,1754933605918,1754933606335,,1754933606254,1754933606473,555,417,,,-81,219
msg_1754933608429_fjavz5h5l,1754933608429,1754933608843,,1754933608849,1754933609069,640,414,,,6,220
msg_1754933610939_bh975ld3j,1754933610939,1754933611358,,1754933611340,1754933611559,620,419,,,-18,219
msg_1754933613449_z7fyeu05u,1754933613449,1754933613867,,1754933613854,1754933614073,624,418,,,-13,219
msg_1754933615953_leudsz7ra,1754933615954,1754933616369,,1754933616349,1754933616575,621,415,,,-20,226
msg_1754933618465_mx0w42aey,1754933618465,1754933618882,,1754933618845,1754933619064,599,417,,,-37,219
msg_1754933620968_fbh8zac7x,1754933620968,1754933621386,,1754933621351,1754933621574,606,418,,,-35,223
msg_1754933623474_e4jthuoxn,1754933623474,1754933623891,,1754933624038,1754933624259,785,417,,,147,221
msg_1754933625982_q33eu8h9o,1754933625982,1754933626396,,1754933626358,1754933626576,594,414,,,-38,218
msg_1754933628485_yvk242rsp,1754933628485,1754933628902,,1754933629328,1754933629550,1065,417,,,426,222
msg_1754933630992_1fwmj5jv0,1754933630992,1754933631408,,1754933631353,1754933631575,583,416,,,-55,222
msg_1754933633497_o0ex7ik2u,1754933633497,1754933633911,,1754933633941,1754933634162,665,414,,,30,221
msg_1754933636000_zhtbouhbc,1754933636000,1754933636419,,1754933636364,1754933636585,585,419,,,-55,221
msg_1754933638503_u4nodijey,1754933638503,1754933638922,,1754933638845,1754933639069,566,419,,,-77,224
msg_1754933641014_rsbgkx0x6,1754933641014,1754933641436,,1754933641360,1754933641579,565,422,,,-76,219
msg_1754933643521_gjsoz1lxx,1754933643521,1754933643940,,1754933643938,1754933644159,638,419,,,-2,221
msg_1754933646023_lbsoc9uop,1754933646023,1754933646436,,1754933646353,1754933646572,549,413,,,-83,219
msg_1754933648528_vinwz0r6c,1754933648528,1754933648944,,1754933648955,1754933649177,649,416,,,11,222
msg_1754933651040_q1ty0lxo0,1754933651040,1754933651457,,1754933651430,1754933651650,610,417,,,-27,220
msg_1754933653543_21hvatbnx,1754933653543,1754933653960,,1754933653947,1754933654166,623,417,,,-13,219
msg_1754933656044_ipw5adiyp,1754933656044,1754933656464,,1754933656438,1754933656656,612,420,,,-26,218
msg_1754933658554_t7d3v16ya,1754933658554,1754933658973,,1754933659054,1754933659273,719,419,,,81,219
msg_1754933661062_noamlnew7,1754933661062,1754933661479,,1754933661523,1754933661746,684,417,,,44,223
msg_1754933663569_6g160y3dl,1754933663569,1754933663984,,1754933663950,1754933664170,601,415,,,-34,220
msg_1754933666073_ipx5af8m1,1754933666073,1754933666490,,1754933666449,1754933666682,609,417,,,-41,233
msg_1754933668582_2egfir7kg,1754933668582,1754933669001,,1754933669031,1754933669252,670,419,,,30,221
msg_1754933671095_j8jkbzggh,1754933671095,1754933671511,,1754933671536,1754933671755,660,416,,,25,219
msg_1754933673599_bhhwrzubp,1754933673599,1754933674016,,1754933674054,1754933674273,674,417,,,38,219
msg_1754933676109_g28ajs9z3,1754933676109,1754933676523,,1754933676537,1754933676760,651,414,,,14,223
msg_1754933678615_5mdrty035,1754933678615,1754933679029,,1754933679037,1754933679255,640,414,,,8,218
msg_1754933681120_02g0u9yvz,1754933681120,1754933681538,,1754933681528,1754933681746,626,418,,,-10,218
msg_1754933683625_p2bi29ns6,1754933683625,1754933684044,,1754933684164,1754933684385,760,419,,,120,221
msg_1754933686130_rp70pyfmt,1754933686130,1754933686551,,1754933686528,1754933686748,618,421,,,-23,220
msg_1754933688643_9tzcv5zm6,1754933688643,1754933689062,,1754933689059,1754933689281,638,419,,,-3,222
msg_1754933691149_sn4ah32g5,1754933691150,1754933691568,,1754933691539,1754933691757,607,418,,,-29,218
msg_1754933693655_x40pos0n7,1754933693655,1754933694074,,1754933694062,1754933694283,628,419,,,-12,221
msg_1754933696158_r9wsnveev,1754933696158,1754933696572,,1754933696539,1754933696759,601,414,,,-33,220
msg_1754933698670_qyiq5iwkr,1754933698670,1754933699095,,1754933699158,1754933699381,711,425,,,63,223
msg_1754933701172_joedh9603,1754933701172,1754933701587,,1754933701561,1754933701782,610,415,,,-26,221
msg_1754933703675_1ot04ihcy,1754933703675,1754933704089,,1754933704137,1754933704369,694,414,,,48,232
msg_1754933706180_ftivwm0lk,1754933706180,1754933706597,,1754933706561,1754933706779,599,417,,,-36,218
msg_1754933708685_qm610yovx,1754933708685,1754933709099,,1754933709063,1754933709283,598,414,,,-36,220
msg_1754933711189_l1q4nphk6,1754933711189,1754933711604,,1754933711551,1754933711771,582,415,,,-53,220
msg_1754933713692_ys38znxrr,1754933713692,1754933714106,,1754933714145,1754933714364,672,414,,,39,219
msg_1754933716198_92wivcr6j,1754933716198,1754933716631,,1754933716551,1754933716772,574,433,,,-80,221
msg_1754933718708_edq8547wk,1754933718708,1754933719123,,1754933719148,1754933719367,659,415,,,25,219
msg_1754933721209_0pd3pbdmp,1754933721209,1754933721625,,1754933721562,1754933721785,576,416,,,-63,223
msg_1754933723714_j8e52o6h7,1754933723714,1754933724128,,1754933724138,1754933724360,646,414,,,10,222
msg_1754933726220_5x7ll5v84,1754933726220,1754933726634,,1754933726641,1754933726858,638,414,,,7,217
msg_1754933728723_h8n9duznc,1754933728723,1754933729143,,1754933729147,1754933729367,644,420,,,4,220
msg_1754933731231_2wo4upfww,1754933731231,1754933731645,,1754933731561,1754933731781,550,414,,,-84,220
msg_1754933733741_uhxb0emwm,1754933733741,1754933734161,,1754933734161,1754933734385,644,420,,,,224
msg_1754933736244_lyv6akzii,1754933736244,1754933736662,,1754933736623,1754933736844,600,418,,,-39,221
msg_1754933738751_botf50fys,1754933738751,1754933739170,,1754933739148,1754933739369,618,419,,,-22,221
msg_1754933741256_qtergf1oa,1754933741256,1754933741677,,1754933741653,1754933741871,615,421,,,-24,218
msg_1754933743763_b8t1n78fv,1754933743763,1754933744178,,1754933744223,1754933744442,679,415,,,45,219
msg_1754933746272_a05edtlcw,1754933746272,1754933746689,,1754933746742,1754933746963,691,417,,,53,221
msg_1754933748774_s3nk4iy0d,1754933748774,1754933749191,,1754933749146,1754933749364,590,417,,,-45,218
msg_1754933751285_ohbnhq9xi,1754933751285,1754933751700,,1754933751733,1754933751952,667,415,,,33,219
msg_1754933753790_b7knqu37d,1754933753790,1754933754207,,1754933754236,1754933754459,669,417,,,29,223
msg_1754933756292_7opg1diui,1754933756292,1754933756708,,1754933756654,1754933756874,582,416,,,-54,220
msg_1754933758799_hx9w0rp63,1754933758799,1754933759214,,1754933759241,1754933759463,664,415,,,27,222
msg_1754933761302_oeak065px,1754933761302,1754933761719,,1754933761749,1754933761970,668,417,,,30,221
msg_1754933763805_63s0g86m1,1754933763805,1754933764223,,1754933764155,1754933764379,574,418,,,-68,224
msg_1754933766313_rxuyqtb05,1754933766313,1754933766732,,1754933766652,1754933766870,557,419,,,-80,218
msg_1754933768816_gyfp0anof,1754933768816,1754933769237,,1754933769237,1754933769462,646,421,,,,225
msg_1754933771329_zzbfur7vj,1754933771329,1754933771744,,1754933771672,1754933771893,564,415,,,-72,221
msg_1754933773834_k36838fzg,1754933773834,1754933774252,,1754933774244,1754933774462,628,418,,,-8,218
msg_1754933776339_5p01xcm2l,1754933776339,1754933776755,,1754933776678,1754933776896,557,416,,,-77,218
msg_1754933778846_xhk7uyyo7,1754933778846,1754933779263,,1754933779246,1754933779469,623,417,,,-17,223
msg_1754933781350_w9vqs7jvb,1754933781350,1754933781767,,1754933781742,1754933781963,613,417,,,-25,221
msg_1754933783858_krkyhb6ja,1754933783858,1754933784277,,1754933784329,1754933784548,690,419,,,52,219
msg_1754933786365_pmj38lf4c,1754933786365,1754933786837,,1754933786753,1754933786972,607,472,,,-84,219
msg_1754933788871_z4n6qkw0i,1754933788871,1754933789286,,1754933789247,1754933789465,594,415,,,-39,218
msg_1754933791381_dmcylylqy,1754933791381,1754933791803,,1754933791829,1754933792053,672,422,,,26,224
msg_1754933793889_dagij6b0n,1754933793889,1754933794304,,1754933794254,1754933794474,585,415,,,-50,220
msg_1754933796395_ntcvxxglx,1754933796395,1754933796895,,1754933796838,1754933797061,666,500,,,-57,223
msg_1754933798900_j2sje4f26,1754933798900,1754933799318,,1754933799349,1754933799570,670,418,,,31,221
msg_1754933801406_8kses2wll,1754933801406,1754933801823,,1754933801764,1754933801985,579,417,,,-59,221
msg_1754933803914_q0lhnh8j1,1754933803914,1754933804332,,1754933804336,1754933804555,641,418,,,4,219
msg_1754933806420_unpyey8u1,1754933806420,1754933806839,,1754933806763,1754933806980,560,419,,,-76,217
msg_1754933808928_7czqtdfkk,1754933808928,1754933809352,,1754933809429,1754933809652,724,424,,,77,223
msg_1754933811435_wu6y1u964,1754933811435,1754933811856,,1754933811825,1754933812046,611,421,,,-31,221
msg_1754933813946_baxyy9jhj,1754933813946,1754933814363,,1754933814358,1754933814579,633,417,,,-5,221
msg_1754933816449_kslmvu2by,1754933816449,1754933816869,,1754933816844,1754933817065,616,420,,,-25,221
msg_1754933818957_puniuq4r1,1754933818957,1754933819372,,1754933819440,1754933819662,705,415,,,68,222
msg_1754933821460_3ba3snxrl,1754933821460,1754933821881,,1754933821843,1754933822066,606,421,,,-38,223
msg_1754933823969_6oqp0edk9,1754933823969,1754933824389,,1754933824344,1754933824562,593,420,,,-45,218
msg_1754933826474_v1kt69wur,1754933826474,1754933826891,,1754933826958,1754933827176,702,417,,,67,218
msg_1754933828982_1tm2wpnv6,1754933828982,1754933829398,,1754933829445,1754933829663,681,416,,,47,218
msg_1754933831490_vqcdmv6qv,1754933831490,1754933831909,,1754933831938,1754933832161,671,419,,,29,223
msg_1754933834000_gs9yepgxt,1754933834000,1754933834418,,1754933834357,1754933834579,579,418,,,-61,222
msg_1754933836511_jtrgci8iv,1754933836511,1754933836934,,1754933836929,1754933837146,635,423,,,-5,217
msg_1754933839016_9wkiygc2x,1754933839016,1754933839437,,1754933839458,1754933839678,662,421,,,21,220
msg_1754933841528_y8vhklz32,1754933841528,1754933841953,,1754933841945,1754933842165,637,425,,,-8,220
msg_1754933844035_nagr7z7x1,1754933844036,1754933844451,,1754933844478,1754933844699,663,415,,,27,221
msg_1754933846541_tlbviy91l,1754933846541,1754933846960,,1754933846948,1754933847170,629,419,,,-12,222
msg_1754933849047_nyvyoi9dy,1754933849047,1754933849463,,1754933849451,1754933849670,623,416,,,-12,219
msg_1754933851553_ikg6w02f0,1754933851553,1754933851977,,1754933851937,1754933852160,607,424,,,-40,223
msg_1754933854059_ru01myitc,1754933854059,1754933854482,,1754933854542,1754933854761,702,423,,,60,219
msg_1754933856563_w6vk3az8j,1754933856563,1754933856982,,1754933857032,1754933857251,688,419,,,50,219
msg_1754933859068_8xzhh9j4p,1754933859068,1754933859488,,1754933859530,1754933859751,683,420,,,42,221
msg_1754933861576_0rg5huw15,1754933861576,1754933861996,,1754933862044,1754933862266,690,420,,,48,222
msg_1754933864084_s14jgsjvp,1754933864084,1754933864498,,1754933864545,1754933864764,680,414,,,47,219
msg_1754933866590_n2knprlyo,1754933866590,1754933867007,,1754933867141,1754933867359,769,417,,,134,218
msg_1754933869103_d9lb1n7tn,1754933869103,1754933869522,,1754933869558,1754933869779,676,419,,,36,221
msg_1754933871609_ff14tnv2f,1754933871609,1754933872029,,1754933872035,1754933872253,644,420,,,6,218
msg_1754933874116_giw9fjfws,1754933874116,1754933874570,,1754933874638,1754933874858,742,454,,,68,220
msg_1754933876622_g758hf432,1754933876622,1754933877040,,1754933877058,1754933877280,658,418,,,18,222
msg_1754933879129_coigyxs5n,1754933879129,1754933879547,,1754933879546,1754933879764,635,418,,,-1,218
msg_1754933881633_aq4ihmj33,1754933881633,1754933882051,,1754933882028,1754933882249,616,418,,,-23,221
msg_1754933884134_7xa81krak,1754933884134,1754933884553,,1754933884553,1754933884771,637,419,,,,218
msg_1754933886639_4kjtled13,1754933886639,1754933887054,,1754933887135,1754933887357,718,415,,,81,222
msg_1754933889152_dujlmrlpm,1754933889152,1754933889570,,1754933889559,1754933889780,628,418,,,-11,221
msg_1754933891657_a8q9sgsuy,1754933891657,1754933892074,,1754933892056,1754933892274,617,417,,,-18,218
msg_1754933894162_iad8aay6f,1754933894162,1754933894580,,1754933894634,1754933894858,696,418,,,54,224
msg_1754933896663_7whm1acfw,1754933896663,1754933897080,,1754933897156,1754933897376,713,417,,,76,220
msg_1754933899166_14i9jstwq,1754933899166,1754933899586,,1754933899638,1754933899861,695,420,,,52,223
msg_1754933901669_at3e1pobm,1754933901669,1754933902088,,1754933902076,1754933902295,626,419,,,-12,219
msg_1754933904179_9s44wb02a,1754933904179,1754933904599,,1754933904653,1754933904874,695,420,,,54,221
msg_1754933906682_o0zm3uvmg,1754933906682,1754933907101,,1754933907060,1754933907279,597,419,,,-41,219
msg_1754933909187_46vgixvza,1754933909187,1754933909605,,1754933909551,1754933909771,584,418,,,-54,220
msg_1754933911696_hmmt0pqn4,1754933911696,1754933912113,,1754933912057,1754933912281,585,417,,,-56,224
msg_1754933914198_6hb5p3gyo,1754933914198,1754933914613,,1754933914629,1754933914850,652,415,,,16,221
msg_1754933916707_7lecihjxd,1754933916707,1754933917123,,1754933917141,1754933917361,654,416,,,18,220
msg_1754933919215_ce7gvu1x8,1754933919215,1754933919632,,1754933919639,1754933919862,647,417,,,7,223
msg_1754933921718_ape7rowgw,1754933921718,1754933922134,,1754933922049,1754933922270,552,416,,,-85,221
msg_1754933924225_k2lajx5cg,1754933924225,1754933924644,,1754933924653,1754933924875,650,419,,,9,222
msg_1754933926730_mo5m2qp6o,1754933926730,1754933927147,,1754933927140,1754933927364,634,417,,,-7,224
msg_1754933929238_lbjv3gg2o,1754933929238,1754933929656,,1754933929646,1754933929863,625,418,,,-10,217
msg_1754933931741_saxnltdf8,1754933931741,1754933932162,,1754933932148,1754933932366,625,421,,,-14,218
msg_1754933934248_yhtucmj8e,1754933934248,1754933934665,,1754933934646,1754933934869,621,417,,,-19,223
msg_1754933936748_gscy9ob6i,1754933936748,1754933937167,,1754933937350,1754933937572,824,419,,,183,222
msg_1754933939257_pr12b1ui8,1754933939257,1754933939677,,1754933939651,1754933939869,612,420,,,-26,218
msg_1754933941761_0vos9w6q7,1754933941761,1754933942179,,1754933942143,1754933942365,604,418,,,-36,222
msg_1754933944268_992knbtfd,1754933944268,1754933944692,,1754933944745,1754933944965,697,424,,,53,220
msg_1754933946780_smpb480ru,1754933946780,1754933947197,,1754933947447,1754933947670,890,417,,,250,223
msg_1754933949291_zbuxlnevy,1754933949291,1754933949707,,1754933949741,1754933949963,672,416,,,34,222
msg_1754933951797_ke81rf8pe,1754933951797,1754933952216,,1754933952157,1754933952377,580,419,,,-59,220
msg_1754933954301_3642as4ri,1754933954301,1754933954716,,1754933954749,1754933954965,664,415,,,33,216
msg_1754933956806_4e5aac05f,1754933956806,1754933957223,,1754933957449,1754933957667,861,417,,,226,218
msg_1754933959309_wpn3yvaf6,1754933959309,1754933959725,,1754933959757,1754933959981,672,416,,,32,224
msg_1754933961813_oywotb8e6,1754933961813,1754933962236,,1754933962155,1754933962375,562,423,,,-81,220
msg_1754933964318_3pqoy2ka7,1754933964318,1754933964736,,1754933964751,1754933964973,655,418,,,15,222
msg_1754933966825_jv6mu2mlm,1754933966825,1754933967242,,1754933967342,1754933967581,756,417,,,100,239
msg_1754933969336_da4xgovqs,1754933969336,1754933969756,,1754933969777,1754933970000,664,420,,,21,223
msg_1754933971836_7i0w2zcw1,1754933971836,1754933972260,,1754933972238,1754933972456,620,424,,,-22,218
msg_1754933974341_a2qv9rrb0,1754933974341,1754933974760,,1754933974848,1754933975068,727,419,,,88,220
msg_1754933976850_ovnacdyod,1754933976850,1754933977271,,1754933977816,1754933978039,1189,421,,,545,223
msg_1754933979361_wrj1kq81m,1754933979361,1754933979779,,1754933979748,1754933979971,610,418,,,-31,223
msg_1754933981863_kjfnlzoff,1754933981863,1754933982282,,1754933982264,1754933982493,630,419,,,-18,229
msg_1754933984373_e3g8s2ryq,1754933984373,1754933984794,,1754933984852,1754933985069,696,421,,,58,217
msg_1754933986881_1a90ekg5q,1754933986881,1754933987301,,1754933987439,1754933987657,776,420,,,138,218
msg_1754933989383_mpwmbe223,1754933989383,1754933989803,,1754933989756,1754933989974,591,420,,,-47,218
msg_1754933991888_w3ruhj78g,1754933991888,1754933992309,,1754933992338,1754933992559,671,421,,,29,221
msg_1754933994392_8ejujo1xh,1754933994392,1754933994812,,1754933994752,1754933994971,579,420,,,-60,219
msg_1754933996897_g18naxygt,1754933996897,1754933997315,,1754933997445,1754933997664,767,418,,,130,219
msg_1754933999410_4sulxzz4h,1754933999410,1754933999827,,1754933999829,1754934000051,641,417,,,2,222
msg_1754934001921_ggvqv09bp,1754934001921,1754934002338,,1754934002339,1754934002563,642,417,,,1,224
msg_1754934004426_t3fqzm6fq,1754934004426,1754934004842,,1754934004900,1754934005117,691,416,,,58,217
msg_1754934006925_iwe3snurw,1754934006925,1754934007344,,1754934007445,1754934007669,744,419,,,101,224
msg_1754934009436_hx2mkcfoy,1754934009436,1754934009862,,1754934009858,1754934010080,644,426,,,-4,222
msg_1754934011944_8lj0edf8h,1754934011944,1754934012364,,1754934012334,1754934012555,611,420,,,-30,221
msg_1754934014450_3q2yuzwmm,1754934014450,1754934014867,,1754934014950,1754934015169,719,417,,,83,219
msg_1754934016953_sh76qz1ow,1754934016953,1754934017376,,1754934017488,1754934017710,757,423,,,112,222
msg_1754934019461_1jmka4vdm,1754934019461,1754934019880,,1754934019943,1754934020163,702,419,,,63,220
msg_1754934021968_l1vyoygpk,1754934021968,1754934022390,,1754934022426,1754934022646,678,422,,,36,220
msg_1754934024475_ym42czvuh,1754934024475,1754934024891,,1754934024961,1754934025182,707,416,,,70,221
msg_1754934026977_rkd9i80i3,1754934026977,1754934027395,,1754934027524,1754934027745,768,418,,,129,221
msg_1754934029478_ijidbaod1,1754934029478,1754934029896,,1754934029944,1754934030165,687,418,,,48,221
msg_1754934031986_kvmsg5kob,1754934031986,1754934032402,,1754934032371,1754934032594,608,416,,,-31,223
msg_1754934034491_kz3u9go9z,1754934034491,1754934034914,,1754934035036,1754934035256,765,423,,,122,220
msg_1754934036997_cv3hzqnme,1754934036997,1754934037415,,1754934037457,1754934037680,683,418,,,42,223
msg_1754934039511_udajx1aq9,1754934039511,1754934039927,,1754934039857,1754934040083,572,416,,,-70,226
msg_1754934042016_uwszabuqr,1754934042016,1754934042438,,1754934042567,1754934042786,770,422,,,129,219
msg_1754934044531_g1remmkvq,1754934044531,1754934044949,,1754934044864,1754934045083,552,418,,,-85,219
msg_1754934047034_xyh5ebbc3,1754934047034,1754934047450,,1754934047449,1754934047671,637,416,,,-1,222
msg_1754934049543_s929xgfxe,1754934049543,1754934049960,,1754934049935,1754934050157,614,417,,,-25,222
msg_1754934052047_qoetkbcfm,1754934052047,1754934052465,,1754934052527,1754934052752,705,418,,,62,225
msg_1754934054554_mwot8na6e,1754934054554,1754934054974,,1754934054962,1754934055182,628,420,,,-12,220
msg_1754934057059_3ieb5xkwj,1754934057059,1754934057478,,1754934057467,1754934057688,629,419,,,-11,221
msg_1754934059566_g2auh4mx6,1754934059566,1754934059983,,1754934059960,1754934060181,615,417,,,-23,221
msg_1754934062071_38b6wtwqm,1754934062071,1754934062491,,1754934062738,1754934062959,888,420,,,247,221
msg_1754934064580_dpvf4157m,1754934064580,1754934064998,,1754934064968,1754934065189,609,418,,,-30,221
msg_1754934067085_qcvhr8oz6,1754934067085,1754934067503,,1754934067547,1754934067768,683,418,,,44,221
msg_1754934069588_dthpxxurt,1754934069588,1754934070007,,1754934069942,1754934070166,578,419,,,-65,224
msg_1754934072093_wenwzuoem,1754934072093,1754934072514,,1754934072562,1754934072785,692,421,,,48,223
msg_1754934074603_4i2pmzdr7,1754934074603,1754934075019,,1754934075442,1754934075665,1062,416,,,423,223
msg_1754934077106_trti4je4j,1754934077106,1754934077529,,1754934077547,1754934077770,664,423,,,18,223
msg_1754934079611_kpr9kjdtv,1754934079611,1754934080034,,1754934079952,1754934080173,562,423,,,-82,221
msg_1754934082121_db0r0soo5,1754934082121,1754934082541,,1754934082555,1754934082779,658,420,,,14,224
msg_1754934084625_qkso9jhn2,1754934084625,1754934085045,,1754934085043,1754934085267,642,420,,,-2,224
msg_1754934087127_1m3c3irja,1754934087127,1754934087551,,1754934087550,1754934087775,648,424,,,-1,225
msg_1754934089634_g52kq0uuf,1754934089634,1754934090053,,1754934090036,1754934090257,623,419,,,-17,221
msg_1754934092143_zezz05rkz,1754934092143,1754934092561,,1754934092528,1754934092751,608,418,,,-33,223
msg_1754934094652_qs3zb776x,1754934094652,1754934095069,,1754934095129,1754934095350,698,417,,,60,221
msg_1754934097160_omv8jjmgu,1754934097160,1754934097580,,1754934097558,1754934097779,619,420,,,-22,221
msg_1754934099665_z9xs37920,1754934099665,1754934100083,,1754934100052,1754934100291,626,418,,,-31,239
msg_1754934102169_gw721wyrs,1754934102169,1754934102587,,1754934102797,1754934103020,851,418,,,210,223
msg_1754934104674_5wfv9imsl,1754934104674,1754934105092,,1754934105229,1754934105450,776,418,,,137,221
msg_1754934107186_du56e3796,1754934107186,1754934107605,,1754934107676,1754934107900,714,419,,,71,224
msg_1754934109700_g0qmokjru,1754934109700,1754934110116,,1754934110150,1754934110375,675,416,,,34,225
msg_1754934112211_f2r0ujhvz,1754934112211,1754934112626,,1754934112747,1754934112970,759,415,,,121,223
msg_1754934114714_eg12ftbn9,1754934114714,1754934115132,,1754934115125,1754934115346,632,418,,,-7,221
msg_1754934117219_9jue2g7kt,1754934117219,1754934117637,,1754934117662,1754934117881,662,418,,,25,219
msg_1754934119728_weu5yalb2,1754934119728,1754934120147,,1754934120134,1754934120359,631,419,,,-13,225
msg_1754934122230_h867wccx8,1754934122230,1754934122652,,1754934122728,1754934122949,719,422,,,76,221
msg_1754934124738_gokuo061v,1754934124738,1754934125159,,1754934125144,1754934125364,626,421,,,-15,220
msg_1754934127244_e7e803obq,1754934127244,1754934127660,,1754934127652,1754934127871,627,416,,,-8,219
msg_1754934129747_ovagzzt6i,1754934129747,1754934130166,,1754934130136,1754934130363,616,419,,,-30,227
msg_1754934132256_k3elak79k,1754934132256,1754934132677,,1754934132643,1754934132863,607,421,,,-34,220
msg_1754934134763_qvjidu8x3,1754934134763,1754934135184,,1754934135526,1754934135752,989,421,,,342,226
msg_1754934137266_9ek1rnkpo,1754934137266,1754934137683,,1754934137669,1754934137889,623,417,,,-14,220
msg_1754934139778_wk7tomitq,1754934139778,1754934140196,,1754934140232,1754934140456,678,418,,,36,224
msg_1754934142284_d2puuuz1z,1754934142284,1754934142700,,1754934142760,1754934142981,697,416,,,60,221
msg_1754934144791_3gyg6ipd5,1754934144791,1754934145212,,1754934145157,1754934145379,588,421,,,-55,222
msg_1754934147301_ppgu66wb0,1754934147302,1754934147733,,1754934147727,1754934147951,649,431,,,-6,224
msg_1754934149803_wjp9ytpnb,1754934149803,1754934150220,,1754934150154,1754934150387,584,417,,,-66,233
msg_1754934152309_w5vquluh3,1754934152309,1754934152725,,1754934152720,1754934152941,632,416,,,-5,221
msg_1754934154817_zsr406cnh,1754934154817,1754934155233,,1754934155150,1754934155373,556,416,,,-83,223
msg_1754934157320_ajqabq85b,1754934157320,1754934157739,,1754934157744,1754934157963,643,419,,,5,219
msg_1754934159831_wehbcds7z,1754934159831,1754934160251,,1754934160221,1754934160452,621,420,,,-30,231
msg_1754934162338_3nt07gthu,1754934162338,1754934162756,,1754934163142,1754934163361,1023,418,,,386,219
msg_1754934164844_kcb5itues,1754934164844,1754934165265,,1754934165237,1754934165459,615,421,,,-28,222
msg_1754934167352_wy5b3n193,1754934167352,1754934167774,,1754934167767,1754934167992,640,422,,,-7,225
msg_1754934169857_fiddeiyqd,1754934169857,1754934170279,,1754934170434,1754934170654,797,422,,,155,220
msg_1754934172361_kdjv2idmo,1754934172361,1754934172778,,1754934172876,1754934173103,742,417,,,98,227
msg_1754934174873_4870fy5jh,1754934174873,1754934175293,,1754934175263,1754934175488,615,420,,,-30,225
msg_1754934177383_t10ldpgmv,1754934177383,1754934177806,,1754934177781,1754934178002,619,423,,,-25,221
msg_1754934179888_7t8cgrn2u,1754934179888,1754934180308,,1754934180337,1754934180556,668,420,,,29,219
msg_1754934182392_rw1folngg,1754934182392,1754934182815,,1754934182857,1754934183082,690,423,,,42,225
msg_1754934184896_bvpvjddgq,1754934184896,1754934185320,,1754934185350,1754934185571,675,424,,,30,221
msg_1754934187402_3ysi2qn4w,1754934187402,1754934187820,,1754934187829,1754934188048,646,418,,,9,219
msg_1754934189907_ts16vptez,1754934189907,1754934190330,,1754934190335,1754934190557,650,423,,,5,222
msg_1754934192419_xj8fvi3xi,1754934192419,1754934192872,,1754934192882,1754934193105,686,453,,,10,223
msg_1754934194927_rbsy1ya4b,1754934194927,1754934195356,,1754934195535,1754934195758,831,429,,,179,223
msg_1754934197442_i6cn0onzp,1754934197442,1754934197860,,1754934197966,1754934198190,748,418,,,106,224
msg_1754934199951_554o38wvz,1754934199951,1754934200369,,1754934200452,1754934200674,723,418,,,83,222
msg_1754934202465_w26ncxq8g,1754934202465,1754934202884,,1754934203144,1754934203362,897,419,,,260,218
msg_1754934204973_pbfmcx8yw,1754934204973,1754934205397,,1754934205359,1754934205576,603,424,,,-38,217
msg_1754934207479_i88csti2r,1754934207479,1754934207925,,1754934207854,1754934208073,594,446,,,-71,219
msg_1754934209980_v4il2lwtf,1754934209980,1754934210399,,1754934210371,1754934210589,609,419,,,-28,218
msg_1754934212494_4wcy36liw,1754934212494,1754934212912,,1754934212853,1754934213076,582,418,,,-59,223
msg_1754934215002_byv34ztfh,1754934215002,1754934215424,,1754934215427,1754934215646,644,422,,,3,219
msg_1754934217510_f2l8jhzmq,1754934217510,1754934217932,,1754934217937,1754934218158,648,422,,,5,221
msg_1754934220018_dyfgorx99,1754934220018,1754934220441,,1754934220357,1754934220580,562,423,,,-84,223
msg_1754934222525_naqhqmtoe,1754934222525,1754934222944,,1754934223137,1754934223357,832,419,,,193,220
msg_1754934225029_wjtnbb9kk,1754934225029,1754934225452,,1754934225420,1754934225643,614,423,,,-32,223
msg_1754934227534_2e3uj3du1,1754934227534,1754934227954,,1754934228038,1754934228260,726,420,,,84,222
msg_1754934230043_aq8vqea6r,1754934230043,1754934230464,,1754934230439,1754934230660,617,421,,,-25,221
msg_1754934232550_q86bpjj6r,1754934232550,1754934232973,,1754934233014,1754934233235,685,423,,,41,221
msg_1754934235056_o6kstk6a3,1754934235056,1754934235479,,1754934235493,1754934235711,655,423,,,14,218
msg_1754934237559_4omoxgjy7,1754934237559,1754934237981,,1754934238042,1754934238264,705,422,,,61,222
msg_1754934240066_e0hcsq4at,1754934240066,1754934240489,,1754934240460,1754934240678,612,423,,,-29,218
msg_1754934242569_l993rbip9,1754934242569,1754934242991,,1754934242949,1754934243187,618,422,,,-42,238
msg_1754934245075_n4p1mz47n,1754934245075,1754934245498,,1754934245455,1754934245678,603,423,,,-43,223
msg_1754934247582_45ua2acv3,1754934247582,1754934248000,,1754934248043,1754934248266,684,418,,,43,223
msg_1754934250085_mqoh3u66i,1754934250085,1754934250506,,1754934250534,1754934250759,674,421,,,28,225
msg_1754934252593_ga06xya33,1754934252593,1754934253013,,1754934253030,1754934253254,661,420,,,17,224
msg_1754934255098_lzww0uloj,1754934255098,1754934255522,,1754934255660,1754934255881,783,424,,,138,221
msg_1754934257609_obidesluv,1754934257609,1754934258030,,1754934258051,1754934258271,662,421,,,21,220
msg_1754934260115_d72cauomh,1754934260115,1754934260533,,1754934260524,1754934260741,626,418,,,-9,217
msg_1754934262622_b72dx7i7n,1754934262622,1754934263041,,1754934263151,1754934263372,750,419,,,110,221
msg_1754934265136_qt46vfm4d,1754934265136,1754934265560,,1754934265570,1754934265788,652,424,,,10,218
msg_1754934267641_n0onz6d68,1754934267641,1754934268106,,1754934268045,1754934268265,624,465,,,-61,220
msg_1754934270147_2mcxxukbc,1754934270147,1754934270565,,1754934270546,1754934270767,620,418,,,-19,221
msg_1754934272651_z2444hsd0,1754934272651,1754934273073,,1754934273048,1754934273280,629,422,,,-25,232
msg_1754934275157_usy0m4cb9,1754934275157,1754934275581,,1754934275624,1754934275844,687,424,,,43,220
msg_1754934583604_ud9ed48le,1754934583604,1754934584021,,1754934584335,1754934584559,955,417,,,314,224
msg_1754934586111_ij202rytk,1754934586111,1754934586529,,1754934586539,1754934586766,655,418,,,10,227
msg_1754934588621_dvocu0w0j,1754934588621,1754934589038,,1754934588950,1754934589173,552,417,,,-88,223
msg_1754934591125_qlfdrr1ww,1754934591125,1754934591543,,1754934591536,1754934591760,635,418,,,-7,224
msg_1754934593627_8tecq5nc5,1754934593627,1754934594050,,1754934594042,1754934594264,637,423,,,-8,222
msg_1754934596136_03n610n78,1754934596136,1754934596556,,1754934596520,1754934596746,610,420,,,-36,226
msg_1754934598648_oa6apyagx,1754934598648,1754934599070,,1754934599046,1754934599276,628,422,,,-24,230
msg_1754934601156_9i3ln780y,1754934601156,1754934601575,,1754934601540,1754934601761,605,419,,,-35,221
msg_1754934603665_00gm27jyc,1754934603665,1754934604087,,1754934604044,1754934604268,603,422,,,-43,224
msg_1754934606169_69sdj03mi,1754934606169,1754934606589,,1754934606547,1754934606770,601,420,,,-42,223
msg_1754934608682_zf1wy6sqa,1754934608682,1754934609103,,1754934609057,1754934609286,604,421,,,-46,229
msg_1754934611192_z3cci140s,1754934611192,1754934611614,,1754934611553,1754934611775,583,422,,,-61,222
msg_1754934613706_bs0onx1h3,1754934613706,1754934614125,,1754934614140,1754934614362,656,419,,,15,222
msg_1754934616219_n9tc9prr4,1754934616219,1754934616643,,1754934616636,1754934616865,646,424,,,-7,229
msg_1754934618733_er4zi53ln,1754934618733,1754934619155,,1754934619152,1754934619380,647,422,,,-3,228
msg_1754934621247_1wa0ye50w,1754934621247,1754934621669,,1754934621643,1754934621868,621,422,,,-26,225
msg_1754934623755_i6w1neruy,1754934623755,1754934624175,,1754934624340,1754934624561,806,420,,,165,221
msg_1754934626261_vmpysayvm,1754934626261,1754934626680,,1754934626654,1754934626879,618,419,,,-26,225
msg_1754934628774_tjcwa4mfk,1754934628774,1754934629191,,1754934629155,1754934629380,606,417,,,-36,225
msg_1754934631276_yx5wl9kql,1754934631276,1754934631742,,1754934631653,1754934631880,604,466,,,-89,227
msg_1754934633788_0132f3jkv,1754934633788,1754934634209,,1754934634258,1754934634483,695,421,,,49,225
msg_1754934636297_gc3gqvkyh,1754934636298,1754934636718,,1754934636684,1754934636907,609,420,,,-34,223
msg_1754934638808_6ed8ls78u,1754934638808,1754934639231,,1754934639229,1754934639449,641,423,,,-2,220
msg_1754934641319_oia81x0ny,1754934641319,1754934641739,,1754934641657,1754934641881,562,420,,,-82,224
msg_1754934643822_0x9sxtars,1754934643822,1754934644242,,1754934644319,1754934644546,724,420,,,77,227
msg_1754934646332_lky7j1nq5,1754934646332,1754934646753,,1754934646663,1754934646887,555,421,,,-90,224
msg_1754934648843_t8buvrlcy,1754934648843,1754934649265,,1754934649245,1754934649471,628,422,,,-20,226
msg_1754934651349_wd5iobiu5,1754934651349,1754934651771,,1754934651752,1754934651977,628,422,,,-19,225
msg_1754934653862_ywknxm9dy,1754934653862,1754934654286,,1754934654246,1754934654471,609,424,,,-40,225
msg_1754934656369_omybtndxy,1754934656369,1754934656790,,1754934656754,1754934656975,606,421,,,-36,221
msg_1754934658877_zw2ezdhdk,1754934658877,1754934659299,,1754934659339,1754934659562,685,422,,,40,223
msg_1754934661379_xc1i2z81x,1754934661379,1754934661801,,1754934661754,1754934661975,596,422,,,-47,221
msg_1754934663889_amj7fhjm3,1754934663889,1754934664312,,1754934664255,1754934664478,589,423,,,-57,223
msg_1754934666405_2tzs86aw7,1754934666405,1754934666825,,1754934666752,1754934666973,568,420,,,-73,221
msg_1754934668916_gsgbn6037,1754934668916,1754934669335,,1754934669361,1754934669586,670,419,,,26,225
msg_1754934671425_xnew5jdm4,1754934671425,1754934671845,,1754934671752,1754934671973,548,420,,,-93,221
msg_1754934673932_tuzizy6cj,1754934673932,1754934674356,,1754934674350,1754934674571,639,424,,,-6,221
msg_1754934676436_s813y94qc,1754934676436,1754934676859,,1754934676824,1754934677045,609,423,,,-35,221
msg_1754934678946_lxmapq5e5,1754934678946,1754934679368,,1754934679422,1754934679643,697,422,,,54,221
msg_1754934681451_h4bfit164,1754934681451,1754934681870,,1754934681838,1754934682061,610,419,,,-32,223
msg_1754934683960_jn9m4571p,1754934683960,1754934684382,,1754934684349,1754934684573,613,422,,,-33,224
msg_1754934686465_vfeqncw45,1754934686465,1754934686881,,1754934686842,1754934687061,596,416,,,-39,219
msg_1754934688970_rgo0oixne,1754934688970,1754934689392,,1754934689442,1754934689668,698,422,,,50,226
msg_1754934691477_cysikmzgg,1754934691477,1754934691899,,1754934691827,1754934692047,570,422,,,-72,220
msg_1754934693991_9bxet3orr,1754934693991,1754934694409,,1754934694436,1754934694658,667,418,,,27,222
msg_1754934696494_chc72e5ny,1754934696494,1754934696914,,1754934696856,1754934697081,587,420,,,-58,225
msg_1754934699000_wbc8vxdcr,1754934699000,1754934699423,,1754934699449,1754934699670,670,423,,,26,221
msg_1754934701507_o3akd50lq,1754934701507,1754934701931,,1754934701842,1754934702063,556,424,,,-89,221
msg_1754934704016_zoqd9pz7z,1754934704016,1754934704439,,1754934704423,1754934704646,630,423,,,-16,223
msg_1754934706524_3o5i8c2jk,1754934706525,1754934706946,,1754934706950,1754934707172,647,421,,,4,222
msg_1754934709030_kwbcdc1h8,1754934709031,1754934709450,,1754934709531,1754934709752,721,419,,,81,221
msg_1754934711535_k9oqttyv1,1754934711535,1754934711957,,1754934712033,1754934712256,721,422,,,76,223
msg_1754934714044_we8falvbl,1754934714044,1754934714467,,1754934714448,1754934714673,629,423,,,-19,225
msg_1754934716548_uj8y518ot,1754934716548,1754934716970,,1754934716902,1754934717128,580,422,,,-68,226
msg_1754934719059_od2nyhyfm,1754934719059,1754934719477,,1754934719461,1754934719687,628,418,,,-16,226
msg_1754934721566_udws4uf9b,1754934721566,1754934721988,,1754934721922,1754934722143,577,422,,,-66,221
msg_1754934724075_c3lhr2kuy,1754934724075,1754934724494,,1754934724549,1754934724769,694,419,,,55,220
msg_1754934726582_egt0uxm0r,1754934726582,1754934727002,,1754934727027,1754934727253,671,420,,,25,226
msg_1754934729084_5a6rmbgak,1754934729084,1754934729508,,1754934729541,1754934729765,681,424,,,33,224
msg_1754934731586_qt1znaipk,1754934731586,1754934732006,,1754934731934,1754934732154,568,420,,,-72,220
msg_1754934734096_a0jpzteph,1754934734096,1754934734517,,1754934734547,1754934734772,676,421,,,30,225
msg_1754934736603_479qw88ur,1754934736603,1754934737025,,1754934737039,1754934737262,659,422,,,14,223
msg_1754934739111_x2v9nybqy,1754934739111,1754934739534,,1754934739533,1754934739758,647,423,,,-1,225
msg_1754934741615_m5mcl75v1,1754934741615,1754934742032,,1754934741953,1754934742174,559,417,,,-79,221
msg_1754934744123_k4tmaejkg,1754934744123,1754934744543,,1754934744611,1754934744838,715,420,,,68,227
msg_1754934746624_wootlgxg0,1754934746624,1754934747044,,1754934747059,1754934747281,657,420,,,15,222
msg_1754934749132_5nmsbgcu3,1754934749132,1754934749555,,1754934749549,1754934749774,642,423,,,-6,225
msg_1754934751637_sdjr8froo,1754934751637,1754934752062,,1754934752021,1754934752244,607,425,,,-41,223
msg_1754934754146_brgyc7481,1754934754146,1754934754568,,1754934754619,1754934754843,697,422,,,51,224
msg_1754934756650_ja44f71ss,1754934756650,1754934757073,,1754934757130,1754934757353,703,423,,,57,223
msg_1754934759161_3c2nobge6,1754934759161,1754934759581,,1754934759645,1754934759870,709,420,,,64,225
msg_1754934761670_zo28tstfq,1754934761670,1754934762090,,1754934762051,1754934762276,606,420,,,-39,225
msg_1754934764177_53yj9ck3x,1754934764177,1754934764599,,1754934764641,1754934764869,692,422,,,42,228
msg_1754934766686_b1c649v2i,1754934766686,1754934767104,,1754934767244,1754934767470,784,418,,,140,226
msg_1754934769190_gvburuv6g,1754934769190,1754934769611,,1754934769626,1754934769851,661,421,,,15,225
msg_1754934771699_6idmezbzf,1754934771699,1754934772124,,1754934772050,1754934772271,572,425,,,-74,221
msg_1754934774206_6m0sezd8s,1754934774206,1754934774624,,1754934774547,1754934774772,566,418,,,-77,225
msg_1754934776716_8kxa0dtod,1754934776716,1754934777139,,1754934777146,1754934777369,653,423,,,7,223
msg_1754934779228_24dcutx8i,1754934779228,1754934779648,,1754934779650,1754934779872,644,420,,,2,222
msg_1754934781732_n6u17vpad,1754934781732,1754934782151,,1754934782093,1754934782317,585,419,,,-58,224
msg_1754934784237_ra3pun112,1754934784237,1754934784661,,1754934784642,1754934784865,628,424,,,-19,223
msg_1754934786749_6r8xffzmm,1754934786749,1754934787170,,1754934787237,1754934787459,710,421,,,67,222
msg_1754934789256_j3pt5bek5,1754934789256,1754934789675,,1754934789642,1754934789867,611,419,,,-33,225
msg_1754934791765_dq522ebi9,1754934791765,1754934792188,,1754934792150,1754934792374,609,423,,,-38,224
msg_1754934794273_jx1gehtnw,1754934794273,1754934794693,,1754934794741,1754934794963,690,420,,,48,222
msg_1754934796779_6bjhcqsgq,1754934796779,1754934797197,,1754934797360,1754934797581,802,418,,,163,221
msg_1754934799285_nvevu34og,1754934799285,1754934799707,,1754934799644,1754934799866,581,422,,,-63,222
msg_1754934801800_341yb2vse,1754934801800,1754934802221,,1754934802154,1754934802375,575,421,,,-67,221
msg_1754934804312_wdja60238,1754934804312,1754934804734,,1754934804739,1754934804962,650,422,,,5,223
msg_1754934806827_3t11ol23w,1754934806827,1754934807246,,1754934807435,1754934807657,830,419,,,189,222
msg_1754934809330_jq6slaqcb,1754934809330,1754934809752,,1754934809755,1754934809976,646,422,,,3,221
msg_1754934811837_2j2tu56m6,1754934811837,1754934812255,,1754934812240,1754934812464,627,418,,,-15,224
msg_1754934814345_16fqcjjva,1754934814345,1754934814767,,1754934814749,1754934814972,627,422,,,-18,223
msg_1754934816850_tmolk5rvo,1754934816850,1754934817270,,1754934817439,1754934817662,812,420,,,169,223
msg_1754934819357_fbt54yt67,1754934819357,1754934819775,,1754934819754,1754934819974,617,418,,,-21,220
msg_1754934821869_tmnx9bom0,1754934821869,1754934822286,,1754934822326,1754934822552,683,417,,,40,226
msg_1754934824372_4g2jpfhw6,1754934824372,1754934824796,,1754934824795,1754934825021,649,424,,,-1,226
msg_1754934826884_cgt85ol09,1754934826884,1754934827305,,1754934827440,1754934827670,786,421,,,135,230
msg_1754934829390_8jv6sxpqk,1754934829390,1754934829813,,1754934829841,1754934830062,672,423,,,28,221
msg_1754934831896_742k0lv1f,1754934831896,1754934832317,,1754934832248,1754934832470,574,421,,,-69,222
msg_1754934834401_nlr78sq8g,1754934834401,1754934834820,,1754934834819,1754934835043,642,419,,,-1,224
msg_1754934836910_6t3x0excu,1754934836910,1754934837336,,1754934837438,1754934837662,752,426,,,102,224
msg_1754934839420_h1vob8rcl,1754934839420,1754934839843,,1754934839838,1754934840061,641,423,,,-5,223
msg_1754934841928_wxe7gaau7,1754934841928,1754934842345,,1754934842248,1754934842473,545,417,,,-97,225
msg_1754934844434_egqmz05dn,1754934844434,1754934844853,,1754934844850,1754934845069,635,419,,,-3,219
msg_1754934846938_m4vhfejz8,1754934846938,1754934847358,,1754934847531,1754934847755,817,420,,,173,224
msg_1754934849449_4zpxgyl7k,1754934849449,1754934849871,,1754934849849,1754934850069,620,422,,,-22,220
msg_1754934851953_ov22qpz3s,1754934851953,1754934852371,,1754934852349,1754934852570,617,418,,,-22,221
msg_1754934854460_xhd90o67h,1754934854460,1754934854882,,1754934855139,1754934855362,902,422,,,257,223
msg_1754934856967_k2gplxkk9,1754934856967,1754934857388,,1754934857457,1754934857677,710,421,,,69,220
msg_1754934859478_jh11hwkpe,1754934859478,1754934859897,,1754934859845,1754934860071,593,419,,,-52,226
msg_1754934861990_neelp14eu,1754934861990,1754934862411,,1754934862350,1754934862572,582,421,,,-61,222
msg_1754934864496_lwl61mgaw,1754934864496,1754934864913,,1754934864859,1754934865081,585,417,,,-54,222
msg_1754934867008_eub22sp0c,1754934867008,1754934867429,,1754934867541,1754934867765,757,421,,,112,224
msg_1754934869514_qf8lb5wsj,1754934869514,1754934869938,,1754934869925,1754934870148,634,424,,,-13,223
msg_1754934872025_g9sym33dr,1754934872025,1754934872444,,1754934872366,1754934872588,563,419,,,-78,222
msg_1754934874530_r9vg1fp1o,1754934874530,1754934874950,,1754934875078,1754934875299,769,420,,,128,221
msg_1754934877037_lab7d8s8l,1754934877037,1754934877460,,1754934877442,1754934877664,627,423,,,-18,222
msg_1754934879544_gngpvo5rh,1754934879544,1754934879967,,1754934879940,1754934880165,621,423,,,-27,225
msg_1754934882052_5idvxvcna,1754934882052,1754934882469,,1754934882442,1754934882668,616,417,,,-27,226
msg_1754934884561_0wblbb12n,1754934884561,1754934884979,,1754934884946,1754934885169,608,418,,,-33,223
msg_1754934887065_en5wmlxzl,1754934887065,1754934887485,,1754934887448,1754934887670,605,420,,,-37,222
msg_1754934889574_5bhdjywi6,1754934889574,1754934889993,,1754934889946,1754934890166,592,419,,,-47,220
msg_1754934892081_ujmw32f20,1754934892081,1754934892504,,1754934892537,1754934892758,677,423,,,33,221
msg_1754934894591_0m81vncx0,1754934894591,1754934895011,,1754934894949,1754934895171,580,420,,,-62,222
msg_1754934897101_qokikg49x,1754934897101,1754934897526,,1754934897455,1754934897678,577,425,,,-71,223
msg_1754934899608_8qw8sqef7,1754934899608,1754934900026,,1754934900041,1754934900264,656,418,,,15,223
msg_1754934902112_lxfg5eff1,1754934902112,1754934902532,,1754934902458,1754934902706,594,420,,,-74,248
msg_1754934904617_n8lf2pbm4,1754934904617,1754934905036,,1754934905127,1754934905349,732,419,,,91,222
msg_1754934907127_8g4j5gg9m,1754934907127,1754934907544,,1754934907620,1754934907843,716,417,,,76,223
msg_1754934909638_wlvfs6n8m,1754934909638,1754934910061,,1754934910208,1754934910428,790,423,,,147,220
msg_1754934912144_67jajiyl5,1754934912144,1754934912565,,1754934912642,1754934912866,722,421,,,77,224
msg_1754934914649_ff1puxai8,1754934914649,1754934915068,,1754934915336,1754934915556,907,419,,,268,220
msg_1754934917156_3mcx7uykc,1754934917156,1754934917576,,1754934917550,1754934917771,615,420,,,-26,221
msg_1754934919664_0nixvkgcq,1754934919664,1754934920082,,1754934920038,1754934920261,597,418,,,-44,223
msg_1754934922169_kk6zoafxx,1754934922169,1754934922591,,1754934922625,1754934922847,678,422,,,34,222
msg_1754934924675_xletq4j4c,1754934924675,1754934925093,,1754934925218,1754934925439,764,418,,,125,221
msg_1754934927188_a87po4jih,1754934927188,1754934927608,,1754934927545,1754934927766,578,420,,,-63,221
msg_1754934929698_5brxmky51,1754934929698,1754934930120,,1754934930044,1754934930267,569,422,,,-76,223
msg_1754934932203_3xsi5dww9,1754934932203,1754934932623,,1754934932626,1754934932847,644,420,,,3,221
msg_1754934934706_ukpl45sbj,1754934934706,1754934935126,,1754934935142,1754934935365,659,420,,,16,223
msg_1754934937217_ngoi66ght,1754934937217,1754934937637,,1754934937559,1754934937779,562,420,,,-78,220
msg_1754934939722_udns5yx1i,1754934939722,1754934940143,,1754934940140,1754934940360,638,421,,,-3,220
msg_1754934942230_c2ojmc04k,1754934942230,1754934942652,,1754934942634,1754934942858,628,422,,,-18,224
msg_1754934944740_22bzr9u12,1754934944740,1754934945161,,1754934945153,1754934945380,640,421,,,-8,227
msg_1754934947247_ng2st6psd,1754934947247,1754934947671,,1754934947631,1754934947857,610,424,,,-40,226